Food Name,"Energy, with dietary fibre",Moisture (water),Protein,Nitrogen,Total Fat,Ash,Calcium (Ca),Iodine (I),Iron (Fe),Magnesium (Mg),Phosphorus (P),Potassium (K),Selenium (Se),Sodium (Na),Zinc (Zn),Retinol (preformed vitamin A),Beta-carotene,Beta-carotene equivalents (provitamin A),Vitamin A retinol equivalents,Thiamin (B1),Riboflavin (B2),Niacin (B3),Niacin derived from tryptophan,Niacin derived equivalents,Pyridoxine (B6),Cobalamin (B12),"Folate, natural",Total folates,Dietary folate equivalents,Vitamin C,Cholecalciferol (D3),25-hydroxy cholecalciferol (25-OH D3,Vitamin D3 equivalents,Alpha tocopherol,Vitamin E,C14,C15,C16,C17,C18,Total saturated fatty acids,,,,,,,,,,,,,,,,Total long chain omega 3 fatty acids,,Cholesterol,
0,2478,25.4,12.1,1.94,61.4,0.8,6,2.2,1.3,9,87,160,0,25,0.94,40,13,13,42,0,0.05,2,1.67,3.66,0.3,2.9,10,10,10,0,1,0,1,0.7,0.7,2.67,0.38,14.69,0.72,7.22,25.68,0.96,2.61,24.29,28.42,0.96,0.31,112.25,0,0,0,20.77,0,0,0,1.4,20.773,3021.09,60,98
0,2317,27.7,15.3,2.45,55.6,1,8,2.6,0.96,11,100,160,0,29,1.3,20,13,13,22,0,0.08,1.4,2.11,3.51,0.4,2.1,12,12,12,0,0.6,0,0.6,1.3,1.3,2.23,0.34,12.4,0.61,6,21.58,0.98,2.74,23.16,27.28,0.71,0.36,111.63,0,0,0,0,0,36.56,0,1.22,36.561,2907.92,65,124
0,394,76,21.9,3.5,0.6,1.4,9,1.2,1.9,24,190,370,8.2,69,4.9,0,8,8,1,0.03,0.07,4.85,0.14,4.99,0.12,1.4,0,0,0,0,0.3,0.7,3.8,0,0,0.01,0,0.12,0,0.07,0.2,0,0.02,0.2,0.23,0.04,0,8.79,0,4.4,16.49,8.52,1.1,9.89,1.37,0.09,19.786,20.24,57,8
0,682,62.8,33.8,5.41,2.8,1.3,14,1.7,2.2,25,200,320,12,60,7.5,0,2,2,0,0.05,0.08,4.2,0.36,4.56,0.07,2,0,0,0,0,0.2,0.1,0.7,0,0,0.07,0.01,0.58,0.03,0.34,1.04,0.02,0.1,0.98,1.11,0.14,0,30.78,0,12.82,46.17,21.8,2.56,26.93,3.85,0.28,52.578,61.84,91,21
0,457,74.5,21.6,3.46,2.4,1.4,9,1.2,1.88,24,187,364,8,68,4.78,1,8,8,3,0.029,0.069,4.76,0.19,4.95,0.12,1.4,0,0,0,0,0.3,0.7,3.72,0,0.02,0.09,0.01,0.55,0.03,0.28,0.97,0.03,0.1,0.92,1.08,0.07,0.01,11.9,0,4.26,15.99,8.89,1.07,9.6,1.33,0.13,19.816,110.26,57,11
0,764,61,32.9,5.26,5.4,1.3,14,1.7,2.14,24,195,312,11.4,58,7.19,1,3,3,1,0.048,0.08,4.06,0.44,4.51,0.09,2,1,1,1,0,0.2,0.1,0.7,0.1,0.06,0.18,0.03,1.18,0.06,0.62,2.07,0.07,0.23,2.09,2.42,0.17,0.02,34.82,0,12.18,43.86,20.71,2.44,27.41,3.66,0.33,51.777,204.14,90,26
0,960,56.8,30.7,4.9,11.8,1.2,13,1.8,1.99,23,183,293,10,55,6.45,3,4,4,4,0.042,0.08,3.72,0.66,4.38,0.13,2,2,2,2,0,0.3,0.1,0.68,0.2,0.22,0.44,0.07,2.59,0.13,1.3,4.54,0.18,0.55,4.75,5.56,0.24,0.06,44.52,0,10.64,38.32,18.1,2.13,28.57,3.19,0.44,49.855,545.67,87,39
0,519,73,21.3,3.41,4.2,1.4,9,1.3,1.86,23,184,357,7.7,66,4.66,2,8,8,4,0.028,0.069,4.68,0.24,4.91,0.13,1.5,1,1,1,0,0.3,0.7,3.63,0,0.04,0.17,0.02,0.99,0.05,0.5,1.73,0.06,0.18,1.65,1.92,0.09,0.02,15,0,4.13,15.5,9.25,1.03,9.3,1.29,0.17,19.845,200.29,57,14
0,555,71.7,27.6,4.41,2.4,1.2,4,1.2,1.7,24,240,340,19,38,5.7,0,10,10,2,0.03,0.11,3,3.79,6.79,0.2,1.1,21,21,21,1,0.3,0.7,3.8,0.5,0.5,0.06,0.01,0.47,0.02,0.27,0.84,0.01,0.06,0.79,0.91,0.13,0.03,6.57,4.48,15.91,61.22,24.15,5.64,38.62,5.02,0.32,67.786,81.02,54,223
0,648,65.8,31.5,5.04,3,1.3,4,1.7,2.8,23,260,360,7.5,47,7.2,0,12,12,2,0.03,0.08,3,4.34,7.34,0.07,1.3,25,25,25,0,0.2,0.1,0.7,0.7,0.7,0.07,0.01,0.55,0.03,0.31,0.98,0.02,0.11,1.16,1.36,0.15,0.03,9.11,5.22,17.29,68.08,32.3,7.63,48.95,7.32,0.37,88.564,84.9,77,255
0,745,62,37,5.92,3.1,1.6,5,0.8,2.28,21,210,251,25.5,28,7.66,0,10,10,2,0.019,0.126,2.22,5.1,7.31,0.1,0.9,18,18,18,1,0.4,0.8,4.59,0.5,0.54,0.08,0.01,0.63,0.03,0.36,1.12,0.02,0.08,1.05,1.22,0.18,0.04,8.78,5.99,21.28,81.9,32.31,7.55,51.67,6.71,0.43,90.689,108.4,73,300
0,587,71,27.3,4.37,3.3,1.2,5,1.2,1.69,24,237,337,18.7,38,5.62,1,10,10,2,0.03,0.109,2.98,3.76,6.74,0.21,1.2,21,21,21,1,0.3,0.7,3.76,0.5,0.5,0.1,0.02,0.7,0.03,0.39,1.24,0.03,0.1,1.17,1.36,0.14,0.04,8.29,4.4,15.64,60.18,24.08,5.54,37.96,4.93,0.34,66.972,129.04,54,221
0,667,65.3,31.3,5.01,3.7,1.3,4,1.7,2.78,23,258,358,7.4,47,7.13,0,12,12,2,0.03,0.08,2.98,4.32,7.29,0.07,1.3,25,25,25,0,0.2,0.1,0.7,0.7,0.71,0.1,0.02,0.69,0.03,0.38,1.21,0.03,0.14,1.42,1.66,0.15,0.04,10.28,5.16,17.1,67.32,31.93,7.54,48.81,7.24,0.38,87.984,117.24,77,254
0,763,61.6,36.7,5.88,3.7,1.6,5,0.8,2.27,21,208,250,25.2,28,7.58,0,10,10,2,0.019,0.125,2.21,5.07,7.27,0.1,0.9,18,18,18,1,0.4,0.8,4.55,0.5,0.55,0.11,0.02,0.76,0.04,0.43,1.36,0.03,0.12,1.3,1.52,0.18,0.04,9.96,5.92,21.03,80.93,31.93,7.46,51.47,6.63,0.44,90.031,140.41,72,298
0,474,72.8,22.2,3.55,2.6,1.2,4,1.2,1.9,24,200,340,12,56,4.6,0,10,10,2,0.06,0.2,3,3.06,6.06,0.12,0.9,21,21,21,1,0.3,0.7,3.8,0.5,0.5,0.1,0.01,0.51,0.02,0.28,0.92,0.02,0.08,0.85,1.01,0.13,0.04,7.53,4.86,16.6,59.59,37.08,3.26,46.49,7.29,0.36,90.859,87.69,45,180
0,650,65,31.9,5.1,2.9,1.3,6,1.7,2.6,30,260,400,13,48,6,0,12,12,2,0.03,0,1,4.39,5.39,0.09,1.1,25,25,25,0,0.2,0.1,0.7,0.7,0.7,0.06,0.01,0.52,0.03,0.34,0.97,0.01,0.08,1.13,1.28,0.16,0.01,8.9,6,17.9,69.57,12.4,13.1,39.13,6.24,0.35,57.777,64.05,81,258
0,653,62.5,30.6,4.9,3.6,1.7,5,0.8,2.62,22,179,258,16.6,42,6.34,0,10,10,2,0.037,0.234,2.28,4.22,6.49,0.06,0.7,19,19,19,1,0.4,0.9,4.72,0.6,0.55,0.14,0.02,0.71,0.03,0.38,1.28,0.03,0.11,1.18,1.39,0.18,0.06,10.38,6.7,22.9,82.19,51.15,4.5,64.12,10.05,0.5,125.323,120.95,62,248
0,598,69.9,21.6,3.45,6.2,1.2,5,1.3,1.86,23,193,329,11.3,54,4.37,2,10,10,4,0.056,0.191,2.94,2.98,5.91,0.13,1,20,20,20,1,0.3,0.7,3.63,0.5,0.51,0.26,0.04,1.39,0.06,0.71,2.46,0.08,0.24,2.31,2.71,0.18,0.06,14.02,4.56,15.57,55.89,36.07,3.06,43.61,6.84,0.42,86.514,269.56,46,175
0,740,63,31,4.96,5.8,1.3,6,1.7,2.51,29,251,387,12.3,47,5.74,1,12,12,3,0.028,0.004,1.02,4.27,5.29,0.11,1.2,24,24,24,0,0.2,0.1,0.7,0.7,0.73,0.18,0.03,1.16,0.06,0.65,2.09,0.06,0.22,2.33,2.69,0.19,0.03,14.49,5.68,16.93,65.79,11.73,12.38,38.99,5.9,0.39,56.623,218.75,80,251
0,744,60.6,29.8,4.77,6.4,1.6,5,0.9,2.53,21,175,253,15.7,42,6.07,1,10,10,3,0.035,0.226,2.23,4.1,6.33,0.08,0.8,18,18,18,1,0.4,0.8,4.49,0.6,0.6,0.25,0.03,1.34,0.06,0.69,2.38,0.08,0.26,2.37,2.8,0.21,0.08,15.89,6.34,21.65,77.72,48.37,4.26,62.62,9.5,0.54,120.494,272.56,62,241
0,707,67.3,21,3.36,9.5,1.2,5,1.3,1.83,22,187,319,10.6,52,4.17,5,10,10,6,0.053,0.182,2.88,2.89,5.77,0.14,1.1,20,20,20,1,0.4,0.6,3.47,0.5,0.52,0.4,0.06,2.17,0.1,1.09,3.81,0.13,0.38,3.59,4.21,0.23,0.08,19.75,4.29,14.66,52.63,35.18,2.88,41.06,6.44,0.48,82.68,430.02,47,170
0,791,61.8,30.5,4.88,7.4,1.3,6,1.8,2.46,28,246,380,11.9,46,5.6,2,12,12,4,0.027,0.007,1.03,4.2,5.23,0.12,1.2,24,24,24,0,0.2,0.1,0.69,0.8,0.75,0.25,0.04,1.53,0.08,0.82,2.72,0.09,0.31,3,3.48,0.21,0.04,17.62,5.49,16.38,63.66,11.35,11.98,38.91,5.71,0.42,55.976,305.49,80,247
0,795,59.5,29.3,4.69,8,1.6,5,1,2.48,21,173,250,15.1,41,5.92,2,11,11,3,0.034,0.221,2.2,4.03,6.24,0.09,0.9,18,18,18,1,0.4,0.8,4.37,0.6,0.62,0.32,0.04,1.7,0.08,0.86,3,0.11,0.34,3.04,3.59,0.23,0.09,18.98,6.13,20.95,75.21,46.81,4.12,61.78,9.2,0.56,117.787,357.57,62,237
0,495,73.4,22.6,3.62,3,1.2,4,1.2,1.85,23,195,350,16,59,5.6,0,10,10,2,0.06,0.2,3,3.11,6.11,0.1,1.3,21,21,21,1,0.3,0.7,3.8,0.5,0.5,0.12,0.01,0.59,0.02,0.32,1.07,0.03,0.09,0.98,1.16,0.15,0.05,8.68,5.61,19.15,68.76,42.79,3.76,53.64,8.41,0.41,104.837,101.18,56,183
0,803,60.1,31.8,5.09,7.1,1.5,5,1.3,2.91,23,215,279,15.8,48,5.82,0,11,11,2,0.039,0.117,1.64,4.39,6.02,0.06,1.5,22,22,22,1,0.3,0.5,2.71,0.6,0.63,0.19,0.03,1.3,0.08,0.82,2.41,0.04,0.2,2.66,3.03,0.39,0.05,21.45,14.32,44.17,168.24,48.25,26.18,103.57,16.44,0.88,168.254,177.53,58,258
0,646,69.8,21.8,3.49,7.4,1.2,4,1.3,1.81,22,187,335,14.7,56,5.23,3,10,10,5,0.056,0.189,2.92,2.99,5.92,0.12,1.4,20,20,20,1,0.4,0.6,3.59,0.5,0.52,0.31,0.04,1.66,0.08,0.84,2.94,0.1,0.28,2.75,3.23,0.21,0.07,16.54,5.17,17.66,63.4,41.03,3.47,49.46,7.75,0.49,98.252,322.91,56,176
0,903,57.9,30.7,4.91,10.3,1.4,6,1.3,2.78,22,206,271,14.7,46,5.53,1,11,11,3,0.036,0.116,1.63,4.22,5.85,0.08,1.6,21,21,21,1,0.3,0.5,2.59,0.7,0.67,0.32,0.05,2.04,0.11,1.16,3.68,0.1,0.37,4.02,4.64,0.4,0.07,27.37,13.26,40.93,155.84,45.04,24.15,98.56,15.25,0.9,158.854,360.28,59,248
0,731,67.7,21.3,3.42,10,1.2,4,1.3,1.78,21,182,327,14.1,55,5.04,5,10,10,6,0.053,0.182,2.88,2.94,5.82,0.12,1.5,20,20,20,1,0.4,0.6,3.47,0.5,0.53,0.42,0.06,2.27,0.11,1.14,4,0.14,0.39,3.76,4.41,0.25,0.08,21.02,4.94,16.86,60.54,40.15,3.32,47.23,7.4,0.53,94.786,449.06,56,173
0,942,57.1,30.3,4.84,11.5,1.4,6,1.4,2.73,22,204,268,14.3,46,5.41,2,11,11,4,0.035,0.115,1.62,4.17,5.79,0.09,1.6,21,21,21,1,0.3,0.4,2.53,0.7,0.69,0.38,0.06,2.32,0.12,1.29,4.17,0.12,0.44,4.54,5.25,0.41,0.08,29.69,12.94,39.94,152.09,43.82,23.61,97.1,14.87,0.91,155.79,428.99,59,245
0,517,74.1,23,3.68,3.4,1.2,4,1.2,1.8,22,190,360,20,62,6.6,0,10,10,2,0.06,0.2,3,3.16,6.17,0.08,1.7,21,21,21,1,0.3,0.7,3.8,0.5,0.5,0.13,0.02,0.67,0.03,0.36,1.21,0.03,0.11,1.12,1.32,0.17,0.06,9.84,6.35,21.71,77.92,48.49,4.27,60.79,9.53,0.47,118.814,114.67,67,186
0,953,57.7,33,5.28,10.6,1.3,6,1.7,3.2,24,250,300,15,53,5.3,0,12,12,2,0.04,0,1,4.54,5.54,0.06,2.3,25,25,25,0,0.2,0.1,0.7,0.7,0.7,0.23,0.04,1.89,0.12,1.25,3.54,0.04,0.29,4.14,4.66,0.59,0.04,32.53,21.94,65.44,254.29,45.34,47.87,143.02,22.82,1.27,211.184,234.1,54,267
0,693,69.7,22,3.52,8.6,1.2,4,1.3,1.76,21,181,342,18.2,59,6.09,4,10,10,5,0.055,0.187,2.91,3.03,5.94,0.1,1.8,20,20,20,1,0.4,0.6,3.55,0.5,0.52,0.36,0.05,1.93,0.09,0.98,3.42,0.11,0.33,3.2,3.76,0.24,0.08,19.06,5.78,19.75,70.91,46,3.88,55.32,8.67,0.55,109.99,376.25,66,178
0,1062,55.3,31.6,5.05,14.2,1.3,6,1.8,3.02,23,238,289,13.8,51,4.98,2,12,12,4,0.037,0.006,1.03,4.35,5.38,0.08,2.3,24,24,24,0,0.2,0.1,0.69,0.7,0.75,0.39,0.06,2.73,0.16,1.63,4.98,0.12,0.49,5.66,6.47,0.6,0.07,38.86,20.19,60.21,233.95,41.72,44.04,134.5,20.99,1.26,197.214,448,55,256
0,755,68.2,21.7,3.47,10.5,1.2,4,1.3,1.74,20,177,336,17.6,58,5.91,5,10,10,7,0.053,0.182,2.88,2.98,5.86,0.11,1.8,20,20,20,1,0.4,0.6,3.46,0.5,0.53,0.44,0.06,2.38,0.11,1.2,4.19,0.14,0.41,3.93,4.61,0.27,0.09,22.3,5.58,19.07,68.45,45.12,3.75,53.4,8.37,0.58,106.892,468.09,66,175
0,1089,54.7,31.2,5,15.1,1.3,6,1.8,2.98,23,235,286,13.5,51,4.9,2,12,12,4,0.036,0.008,1.04,4.3,5.34,0.09,2.3,24,24,24,0,0.2,0.1,0.69,0.8,0.76,0.43,0.07,2.94,0.17,1.72,5.34,0.14,0.54,6.03,6.92,0.6,0.08,40.4,19.76,58.92,228.97,40.83,43.1,132.42,20.54,1.26,193.792,500.41,55,253
0,574,70.2,27.9,4.46,2.7,1.2,4,1.2,1.7,24,240,340,19,38,5.7,0,10,10,2,0.03,0.11,3,3.84,6.84,0.19,1.3,21,21,21,1,0.3,0.7,3.8,0.5,0.5,0.07,0.01,0.54,0.03,0.31,0.96,0.02,0.07,0.9,1.05,0.15,0.04,7.54,5.14,18.28,70.34,27.75,6.48,44.37,5.76,0.37,77.881,93.09,54,226
0,653,65.6,32.1,5.14,2.9,1.3,4,1.7,2.8,23,260,360,15,47,7.2,0,12,12,2,0.03,0.08,3,4.42,7.42,0.01,0.1,25,25,25,0,0.2,0.1,0.7,0.7,0.7,0.07,0.01,0.53,0.03,0.29,0.93,0.02,0.1,1.11,1.29,0.14,0.03,8.66,4.97,16.44,64.74,30.71,7.25,46.54,6.96,0.36,84.208,80.73,77,260
0,751,61,36.5,5.84,3.5,1.6,5,0.8,2.22,20,204,244,24.8,27,7.45,0,10,10,2,0.018,0.122,2.16,5.02,7.18,0.09,1,18,18,18,1,0.4,0.8,4.47,0.5,0.52,0.09,0.01,0.71,0.03,0.41,1.26,0.02,0.09,1.18,1.37,0.2,0.05,9.86,6.72,23.89,91.94,36.27,8.47,58,7.53,0.48,101.805,121.69,71,295
0,614,69.3,27.6,4.41,3.9,1.2,5,1.2,1.69,24,237,336,18.6,38,5.6,1,10,10,3,0.029,0.109,2.98,3.79,6.78,0.19,1.3,21,21,21,1,0.3,0.7,3.74,0.5,0.51,0.13,0.02,0.83,0.04,0.46,1.48,0.04,0.12,1.39,1.62,0.17,0.04,9.72,5.04,17.9,68.88,27.6,6.34,43.45,5.64,0.39,76.693,153.99,54,223
0,678,65,31.8,5.1,3.7,1.3,4,1.7,2.77,23,258,357,14.8,47,7.11,0,12,12,2,0.03,0.08,2.98,4.39,7.36,0.02,0.1,25,25,25,0,0.2,0.1,0.7,0.7,0.71,0.1,0.02,0.7,0.04,0.38,1.24,0.04,0.14,1.44,1.68,0.15,0.04,10.19,4.89,16.2,63.77,30.25,7.14,46.39,6.86,0.37,83.498,122.85,77,258
0,774,60.5,36.2,5.78,4.3,1.6,5,0.8,2.2,20,202,243,24.5,27,7.36,0,10,10,2,0.018,0.121,2.15,4.98,7.13,0.09,1,18,18,18,1,0.4,0.8,4.41,0.5,0.54,0.13,0.02,0.88,0.04,0.49,1.56,0.04,0.13,1.51,1.75,0.2,0.05,11.38,6.62,23.54,90.58,35.73,8.34,57.68,7.42,0.5,100.833,163.2,71,293
0,570,73.2,22.2,3.55,5.2,1.3,6,1.2,2.2,27,230,380,12,57,3.8,0,10,10,2,0.05,0.22,7,3.06,10.06,0.13,1.9,21,21,21,1,0.3,0.7,3.8,0.9,0.9,0.16,0.02,1.1,0.06,0.61,1.95,0.04,0.16,1.78,2.07,0.26,0.05,13.67,6.1,21.82,79.54,34.01,7.14,52.44,8.14,0.53,94.597,204.34,58,180
0,746,58.1,31.9,5.1,5.5,1.3,10,1.7,2.2,26,270,350,15,49,7.8,0,12,12,2,0.03,0,1,4.39,5.39,0.13,3,25,25,25,0,0.2,0.1,0.7,0.7,0.7,0.14,0.02,1.02,0.05,0.56,1.8,0.04,0.2,2.15,2.49,0.26,0.04,16.93,9.07,27.96,104.99,36.17,15.26,78.49,10.58,0.6,125.245,151.54,70,258
0,665,70.8,21.7,3.47,8,1.3,6,1.2,2.16,26,223,369,11.4,55,3.66,2,10,10,4,0.048,0.212,6.75,2.99,9.74,0.14,2,20,20,20,1,0.3,0.7,3.66,0.9,0.89,0.29,0.04,1.78,0.09,0.94,3.14,0.09,0.28,2.91,3.39,0.29,0.07,18.6,5.79,20.72,75.57,33.35,6.79,49.82,7.74,0.58,90.906,345.18,58,176
0,783,57.4,31.5,5.04,6.7,1.3,10,1.7,2.17,26,266,345,14.6,49,7.64,0,12,12,2,0.029,0.002,1.01,4.34,5.35,0.14,3,25,25,25,0,0.2,0.1,0.7,0.7,0.72,0.19,0.03,1.29,0.07,0.69,2.27,0.06,0.26,2.65,3.08,0.27,0.05,19.18,8.85,27.3,102.49,35.31,14.9,77.49,10.33,0.61,123.134,217.14,70,255
0,710,69.7,21.5,3.43,9.3,1.3,6,1.3,2.13,26,219,364,11.1,55,3.59,3,10,10,5,0.046,0.207,6.63,2.96,9.58,0.14,2,20,20,20,1,0.4,0.6,3.59,0.9,0.88,0.34,0.05,2.1,0.1,1.1,3.7,0.11,0.34,3.44,4.01,0.31,0.07,20.92,5.65,20.21,73.69,33.04,6.62,48.58,7.55,0.6,89.164,411.65,58,174
0,849,56.1,30.8,4.93,8.8,1.3,9,1.8,2.12,25,259,337,14,48,7.37,1,12,12,3,0.028,0.005,1.03,4.23,5.27,0.15,2.9,24,24,24,0,0.2,0.1,0.69,0.7,0.74,0.28,0.04,1.77,0.09,0.92,3.1,0.1,0.36,3.53,4.12,0.28,0.06,23.17,8.47,26.12,98.07,33.79,14.26,75.73,9.88,0.64,119.4,333.21,70,249
0,541,70.2,22.9,3.66,4.1,1,7,0,1.56,27,203,349,0,68,2.34,0,0,0,0,0.046,0.028,4.14,3.18,7.32,0.07,3,21,21,21,0,0.2,0.6,3.2,0,0,0.12,0.02,0.94,0.05,0.62,1.76,0.02,0.14,1.47,1.66,0.1,0.03,0,0,8.64,18.03,0,0,16.52,1.13,0.17,17.652,127.69,76,187
0,849,58.5,32.3,5.17,8.1,1.2,9,0,2.58,27,246,421,0,82,6.89,0,35,35,6,0.055,0.033,5,4.49,9.48,0.09,3.6,25,25,25,0,0.4,0.5,2.9,0,0,0.18,0.04,1.84,0.11,1.36,3.55,0.04,0.25,2.9,3.27,0.15,0.04,0,0,2.23,36.36,11.87,1.48,28.19,0.74,0.27,40.807,252.27,92,264
0,676,62.8,28.6,4.58,5.1,1.3,7,0,1.94,22,165,240,0,46,2.92,0,0,0,0,0.026,0.03,2.85,3.98,6.82,0.03,2.2,17,17,17,0,0.2,0.7,3.6,0,0,0.14,0.03,1.17,0.07,0.78,2.2,0.03,0.18,1.84,2.07,0.12,0.03,0,0,10.8,22.53,0,0,20.66,1.41,0.21,22.065,159.61,95,234
0,710,68.6,22.4,3.58,8.9,1,7,0,1.5,27,203,349,0,68,2.27,0,0,0,0,0.046,0.028,4.14,3.11,7.25,0.07,3,21,21,21,0,0.2,0.6,3.2,0,0,0.28,0.05,2.02,0.13,1.34,3.83,0.06,0.34,3.34,3.8,0.17,0.04,0,0,10.04,18.4,0,0,22.59,0,0.25,22.588,284.44,76,183
0,1108,53.6,29.5,4.72,16.4,1.2,9,0,2.55,27,246,421,0,82,5.97,0,35,35,6,0.055,0.033,5,4.1,9.09,0.09,3.6,25,25,25,0,0.4,0.5,2.9,0,0,0.48,0.09,3.96,0.25,2.73,7.52,0.11,0.59,5.95,6.81,0.23,0.05,0,0,9.25,29.29,0,0,10.79,0,0.33,10.791,524.14,92,241
0,767,67.2,22.5,3.6,10.4,0.9,4,2.2,1.45,23,172,305,12.4,51,2.09,0,0,0,0,0.02,0.11,3.4,3.13,6.52,0.23,1.8,10,10,10,0,0.2,0.6,3.2,0,0,0.35,0.07,2.49,0.15,1.65,4.74,0.07,0.39,3.73,4.26,0.17,0.06,0,0,10.75,24.44,0,0,28.35,0.98,0.29,29.328,332.38,78,184
0,968,57.8,27.6,4.42,13.5,1.1,5,2.6,2.29,22,202,359,14.6,60,5.43,0,0,0,0,0.025,0.13,4,3.84,7.84,0.27,2.1,12,12,12,0,0.4,0.5,2.9,0,0,0.39,0.08,3.22,0.2,2.09,5.99,0.08,0.47,5.08,5.77,0.16,0.04,0,0,0,5.06,0,0,0,0,0.21,0,430.4,92,226
0,526,74.4,23,3.68,3.6,1.2,4,1.2,1.24,24,198,357,10.8,44,2.96,1,10,10,2,0.03,0.109,2.98,3.16,6.15,0.19,0.8,21,21,21,1,0.3,0.7,3.75,0.9,0.9,0.11,0.02,0.79,0.04,0.42,1.38,0.03,0.11,1.3,1.5,0.16,0.02,8.92,6.62,15.54,68.34,18.16,9.76,36.73,4.9,0.35,59.795,150.59,35,186
0,662,63.7,29.8,4.77,4.2,1.3,4,1.7,2.4,24,220,340,13.5,54,4.8,0,12,12,2,0.06,0.2,3,4.1,7.1,0.11,1.5,25,25,25,0,0.2,0.1,0.7,0.7,0.7,0.06,0.01,0.72,0.03,0.33,1.16,0.03,0.19,1.69,2.01,0.23,0.04,14.04,7.85,30.39,119.11,45.63,11.96,77.91,11.66,0.58,135.191,94.76,62,241
0,563,73.4,22.8,3.65,4.7,1.2,4,1.2,1.24,23,196,353,10.6,43,2.93,1,10,10,3,0.029,0.108,2.96,3.15,6.1,0.19,0.8,21,21,21,1,0.3,0.7,3.7,0.9,0.89,0.16,0.02,1.05,0.05,0.55,1.84,0.05,0.16,1.74,2,0.18,0.02,10.86,6.51,15.29,67.23,18.25,9.6,36.13,4.82,0.37,59.211,204.42,36,185
0,711,62.6,29.4,4.7,5.7,1.3,4,1.7,2.36,24,216,335,13.1,53,4.7,1,12,12,3,0.059,0.197,2.95,4.05,6.99,0.12,1.5,25,25,25,0,0.2,0.1,0.7,0.7,0.72,0.13,0.02,1.07,0.05,0.5,1.78,0.06,0.27,2.34,2.76,0.24,0.04,16.97,7.63,29.55,115.81,44.36,11.63,76.83,11.33,0.6,132.529,178.64,62,238
0,696,70.1,22.1,3.53,8.7,1.2,4,1.3,1.25,22,188,340,9.9,42,2.79,4,10,10,6,0.027,0.104,2.9,3.04,5.94,0.2,1,20,20,20,1,0.4,0.6,3.51,0.9,0.88,0.33,0.05,2,0.1,1.01,3.5,0.11,0.33,3.3,3.84,0.23,0.04,17.92,6.06,14.24,62.6,18.44,8.94,33.65,4.49,0.44,56.579,400.29,38,179
0,795,60.8,28.6,4.58,8.3,1.3,4,1.8,2.28,23,210,326,12.4,52,4.52,2,12,12,4,0.055,0.19,2.87,3.94,6.81,0.13,1.5,24,24,24,0,0.2,0.1,0.69,0.7,0.75,0.24,0.04,1.66,0.08,0.79,2.81,0.11,0.4,3.42,4.04,0.27,0.06,21.9,7.22,27.95,109.54,41.96,11,74.59,10.72,0.64,127.272,321.09,62,232
0,420,72.5,21,3.36,1.7,1.2,4,1.2,2.1,26,230,370,9,50,4.1,0,10,10,2,0.03,0.11,3,2.89,5.89,0.13,0.8,21,21,21,1,0.3,0.7,3.8,0.9,0.9,0.02,0,0.31,0.02,0.22,0.58,0,0.03,0.56,0.63,0.12,0.03,5.03,2.62,16.15,55.7,23.68,4.1,36.53,4.52,0.3,64.733,44.86,62,170
0,615,66.8,31.8,5.09,2,1.3,6,1.7,3.3,27,290,350,20,43,8.2,0,12,12,2,0.03,0.08,3,4.37,7.38,0.09,1,25,25,25,0,0.2,0.1,0.7,0.2,0.2,0.07,0.01,0.4,0.01,0.2,0.69,0.02,0.07,0.72,0.86,0.06,0.03,5.28,2.91,8.06,33.43,35.71,2.2,38.84,5.64,0.22,80.187,70.15,75,257
0,525,70.1,20.5,3.29,4.7,1.2,4,1.2,2.06,25,223,359,8.5,49,3.94,2,10,10,4,0.028,0.107,2.95,2.82,5.78,0.14,0.9,20,20,20,1,0.3,0.7,3.66,0.9,0.89,0.16,0.02,1.05,0.05,0.58,1.86,0.05,0.16,1.77,2.05,0.17,0.04,10.5,2.48,15.32,52.86,23.54,3.89,34.67,4.29,0.36,62.491,196.65,62,166
0,656,65.8,31.4,5.02,3.3,1.3,6,1.7,3.24,27,285,345,19.5,43,8.03,0,12,12,2,0.029,0.08,2.96,4.32,7.28,0.1,1,25,25,25,0,0.2,0.1,0.7,0.2,0.23,0.12,0.02,0.69,0.03,0.34,1.2,0.04,0.14,1.28,1.51,0.07,0.04,7.89,2.84,7.86,32.61,34.83,2.14,38.78,5.5,0.24,79.114,139.96,75,254
0,568,69.1,20.4,3.26,6,1.2,4,1.3,2.04,25,220,355,8.4,48,3.87,3,10,10,5,0.028,0.106,2.93,2.81,5.73,0.14,0.9,20,20,20,1,0.4,0.6,3.6,0.9,0.89,0.22,0.03,1.35,0.06,0.72,2.38,0.07,0.22,2.26,2.63,0.18,0.05,12.75,2.43,14.98,51.69,23.48,3.8,33.9,4.19,0.38,61.568,259.15,62,165
0,697,64.9,31,4.96,4.6,1.3,6,1.7,3.19,26,281,341,19,42,7.87,1,12,12,3,0.029,0.08,2.92,4.27,7.19,0.1,1,24,24,24,0,0.2,0.1,0.7,0.3,0.25,0.17,0.02,0.98,0.04,0.48,1.69,0.06,0.2,1.81,2.13,0.09,0.04,10.4,2.77,7.67,31.82,33.98,2.09,38.73,5.37,0.27,78.084,206.94,75,251
0,450,74.6,20.4,3.26,2.8,1.2,4,1.2,2.1,26,230,370,8,50,4.1,0,10,10,2,0.03,0.11,3,2.81,5.81,0.19,1.3,21,21,21,1,0.3,0.7,3.8,0.9,0.9,0.07,0.01,0.56,0.02,0.34,1,0.02,0.08,0.94,1.1,0.14,0.05,7.75,3.69,19.06,71.53,25.03,5.1,43.32,4.39,0.37,72.737,96.67,62,165
0,710,61.8,32,5.12,4.5,1.3,6,1.7,3.3,27,290,350,10,43,8.2,0,12,12,2,0.03,0.08,3,4.4,7.4,0.11,2.5,25,25,25,0,0.2,0.1,0.7,0.2,0.2,0.12,0.02,0.81,0.04,0.5,1.5,0.04,0.14,1.66,1.94,0.23,0.06,12.76,6.73,22.69,87.94,40.38,8.33,57.12,8.37,0.53,105.875,140.22,75,259
0,546,72.3,20,3.2,5.6,1.2,4,1.2,2.06,25,223,360,7.6,49,3.95,2,10,10,4,0.029,0.107,2.95,2.75,5.7,0.2,1.4,20,20,20,1,0.3,0.7,3.67,0.9,0.89,0.19,0.03,1.22,0.06,0.66,2.16,0.06,0.2,2.03,2.38,0.18,0.06,12.66,3.52,18.16,68.17,24.83,4.86,41.28,4.18,0.42,70.295,234.12,62,162
0,804,59.8,31,4.96,7.5,1.3,6,1.8,3.16,26,279,339,9.4,42,7.8,1,12,12,3,0.028,0.08,2.91,4.27,7.18,0.13,2.5,24,24,24,0,0.2,0.1,0.69,0.3,0.26,0.24,0.04,1.49,0.08,0.82,2.67,0.09,0.29,2.92,3.42,0.26,0.08,18.54,6.34,21.37,82.81,38.02,7.84,55.92,7.88,0.57,101.827,301.86,74,251
0,815,65.7,18.9,3.02,13.3,1.1,4,1.4,1.96,23,204,332,6.6,46,3.53,7,11,11,9,0.025,0.099,2.82,2.6,5.42,0.21,1.6,19,19,19,1,0.4,0.6,3.3,0.9,0.87,0.54,0.08,3.1,0.15,1.58,5.44,0.19,0.53,5.14,6.01,0.29,0.1,26.56,3.03,15.63,58.66,24.26,4.18,35.52,3.6,0.56,63.383,623.06,62,153
0,910,57.5,29.9,4.79,10.9,1.3,6,1.8,3.01,25,266,326,8.8,41,7.34,2,12,12,5,0.026,0.08,2.8,4.11,6.92,0.15,2.4,23,23,23,0,0.2,0.1,0.69,0.3,0.34,0.38,0.06,2.26,0.11,1.19,4,0.15,0.46,4.34,5.1,0.29,0.1,25.09,5.89,19.86,76.98,35.34,7.29,54.56,7.33,0.62,97.231,485.39,74,242
0,508,72.9,23.8,3.81,2.8,1.2,6,1.2,2.2,27,230,380,7,57,3.8,0,10,10,2,0.05,0.22,7,3.28,10.28,0.14,0.4,21,21,21,1,0.3,0.7,3.8,0.9,0.9,0.09,0.01,0.59,0.03,0.33,1.05,0.02,0.08,0.96,1.12,0.14,0.03,7.36,3.28,11.75,42.83,18.31,3.85,28.24,4.39,0.29,50.937,110.03,58,193
0,707,58.8,31.9,5.1,4.5,1.3,10,1.7,2.2,26,270,350,15,49,7.8,0,12,12,2,0.03,0,1,4.39,5.39,0.14,1.4,25,25,25,0,0.2,0.1,0.7,0.7,0.7,0.11,0.02,0.83,0.04,0.46,1.46,0.03,0.16,1.74,2.02,0.21,0.03,13.73,7.35,22.67,85.14,29.33,12.38,63.65,8.58,0.48,101.562,122.89,70,258
0,465,73.7,22.2,3.56,2.4,1.2,5,1.2,2.15,26,230,375,9,54,3.95,0,10,10,2,0.04,0.165,5,3.06,8.06,0.18,1,21,21,21,1,0.3,0.7,3.8,0.9,0.9,0.06,0.01,0.48,0.02,0.28,0.86,0.02,0.07,0.79,0.93,0.12,0.04,6.37,2.96,13.51,50.3,18.73,3.86,31.24,3.68,0.28,53.651,85.66,60,180
0,684,62.1,31.2,5,4.1,1.3,8,1.7,2.75,26,280,350,11,46,8,0,12,12,2,0.03,0.04,2,4.3,6.3,0.14,2,25,25,25,0,0.2,0.1,0.7,0.4,0.45,0.11,0.02,0.76,0.04,0.45,1.37,0.03,0.14,1.57,1.83,0.2,0.04,12.23,6.5,21.01,80.24,32.69,9.44,55.68,7.84,0.47,96.204,122.46,72,253
0,573,71.1,21.7,3.47,5.5,1.2,5,1.3,2.1,26,222,363,8.5,52,3.79,2,10,10,4,0.038,0.159,4.83,2.99,7.82,0.19,1.2,20,20,20,1,0.3,0.7,3.65,0.9,0.89,0.2,0.03,1.24,0.06,0.65,2.18,0.07,0.2,2.05,2.4,0.16,0.05,12.03,2.81,12.83,47.75,18.88,3.66,29.65,3.49,0.34,52.017,242.49,60,176
0,775,60.2,30.4,4.86,7,1.3,8,1.7,2.65,26,270,339,10.4,45,7.63,1,12,12,3,0.028,0.042,1.96,4.18,6.14,0.16,2,24,24,24,0,0.2,0.1,0.7,0.5,0.5,0.22,0.04,1.4,0.07,0.75,2.49,0.08,0.28,2.77,3.24,0.23,0.06,17.73,6.14,19.84,75.78,30.85,8.92,54.62,7.41,0.51,92.873,276.58,72,246
0,872,63.9,20.2,3.22,14.3,1.1,5,1.4,1.98,23,201,331,7.2,48,3.34,8,11,11,10,0.032,0.141,4.35,2.77,7.12,0.21,1.4,19,19,19,1,0.4,0.6,3.23,0.9,0.86,0.59,0.08,3.36,0.16,1.69,5.89,0.21,0.58,5.56,6.5,0.29,0.09,27.85,2.38,10.9,40.59,19.28,3.1,25.19,2.95,0.51,47.422,680.48,60,163
0,959,56.3,28.6,4.58,12.8,1.2,8,1.8,2.47,24,250,318,9.1,43,6.89,3,12,12,5,0.025,0.049,1.94,3.94,5.88,0.18,2,23,23,23,0,0.3,0.1,0.68,0.6,0.58,0.46,0.07,2.71,0.14,1.38,4.76,0.19,0.57,5.19,6.09,0.29,0.1,28.88,5.42,17.56,67.14,27.54,7.81,52.54,6.55,0.6,86.638,589.24,71,232
0,751,67,22.4,3.58,10,1.2,6,1.3,2.09,25,212,353,6.1,53,3.45,5,10,10,7,0.044,0.199,6.38,3.08,9.46,0.16,0.7,20,20,20,1,0.4,0.6,3.45,0.9,0.88,0.4,0.06,2.33,0.12,1.18,4.09,0.14,0.4,3.84,4.49,0.24,0.06,20.32,2.88,10.3,37.54,18.62,3.37,24.75,3.84,0.42,47.212,469.55,58,181
0,863,55.8,30.3,4.85,9.4,1.3,9,1.8,2.08,25,254,332,13.6,47,7.17,2,12,12,4,0.027,0.008,1.04,4.17,5.21,0.16,1.5,24,24,24,0,0.2,0.1,0.69,0.8,0.76,0.32,0.05,1.94,0.1,0.99,3.4,0.12,0.41,3.8,4.45,0.26,0.07,23.16,6.64,20.49,76.93,26.5,11.19,61.04,7.75,0.56,95.296,391.36,70,245
0,883,63.9,21.6,3.45,13.9,1.1,6,1.4,2.03,24,203,338,5.7,51,3.26,8,11,11,9,0.04,0.188,6.05,2.98,9.02,0.17,0.9,19,19,19,1,0.4,0.6,3.27,0.9,0.86,0.58,0.08,3.27,0.16,1.64,5.74,0.2,0.56,5.4,6.31,0.3,0.08,27.31,2.66,9.51,34.68,18.78,3.12,22.87,3.55,0.5,45.2,663.71,58,175
0,953,54.1,29.4,4.7,12.3,1.3,9,1.8,2.01,24,244,321,12.7,46,6.81,3,12,12,5,0.025,0.012,1.06,4.05,5.1,0.18,1.5,23,23,23,0,0.3,0.1,0.68,0.8,0.79,0.44,0.07,2.6,0.13,1.3,4.53,0.18,0.55,5.01,5.88,0.28,0.08,28.68,6.23,19.21,72.14,24.85,10.49,59.51,7.27,0.6,91.637,548.12,69,238
0,495,75.4,24.1,3.86,2.3,1.2,4,1.2,1.24,24,200,360,10,44,3,0,10,10,2,0.03,0.11,3,3.32,6.32,0.15,0.6,21,21,21,1,0.3,0.7,3.8,0.9,0.9,0.06,0.01,0.48,0.03,0.26,0.83,0.01,0.06,0.79,0.9,0.13,0.01,6.19,5.86,13.76,60.49,15.76,8.64,32.51,4.34,0.29,52.607,87.56,35,195
0,664,64,26.9,4.3,5.6,1.3,4,1.7,2.4,24,220,340,13,54,4.8,0,12,12,2,0.06,0.2,3,3.71,6.7,0.09,1.2,25,25,25,0,0.2,0.1,0.7,0.7,0.7,0.09,0.02,0.96,0.04,0.44,1.55,0.04,0.25,2.26,2.67,0.3,0.05,18.72,10.46,40.52,158.81,60.84,15.95,103.87,15.54,0.78,180.254,126.34,62,218
0,568,73.6,23.7,3.79,4.5,1.2,4,1.2,1.24,23,196,353,9.6,43,2.92,1,10,10,3,0.029,0.108,2.96,3.26,6.22,0.16,0.7,21,21,21,1,0.3,0.7,3.7,0.9,0.89,0.15,0.02,1,0.05,0.52,1.75,0.05,0.15,1.65,1.91,0.16,0.02,10.09,5.64,13.25,58.27,15.94,8.32,31.32,4.18,0.33,51.439,195.22,36,192
0,704,63.1,26.6,4.26,6.8,1.3,4,1.7,2.37,24,217,336,12.7,53,4.72,0,12,12,2,0.059,0.197,2.96,3.67,6.62,0.1,1.2,25,25,25,0,0.2,0.1,0.7,0.7,0.71,0.14,0.03,1.23,0.06,0.58,2.03,0.07,0.31,2.75,3.26,0.32,0.05,20.92,10.22,39.56,155.05,59.4,15.58,102.28,15.18,0.79,176.848,192.26,62,216
0,711,70,22.8,3.65,8.7,1.2,4,1.3,1.25,22,188,338,8.9,42,2.78,4,10,10,6,0.027,0.103,2.89,3.15,6.03,0.17,0.8,20,20,20,1,0.4,0.6,3.5,0.9,0.88,0.34,0.05,2.02,0.1,1.02,3.54,0.12,0.34,3.34,3.89,0.22,0.04,17.73,5.22,12.26,53.9,16.3,7.7,28.97,3.87,0.41,49.143,406.73,38,185
0,797,61.1,26,4.16,9.6,1.3,4,1.8,2.28,23,210,326,12,52,4.52,2,12,12,4,0.055,0.19,2.87,3.57,6.44,0.12,1.3,24,24,24,0,0.2,0.1,0.69,0.7,0.75,0.26,0.04,1.88,0.09,0.89,3.16,0.12,0.45,3.93,4.64,0.34,0.07,26.16,9.63,37.28,146.09,55.96,14.68,98.48,14.3,0.81,168.744,349.15,62,210
0,480,72.8,24.1,3.86,1.9,1.2,6,1.2,2.2,27,230,380,10,57,3.8,0,10,10,2,0.05,0.22,7,3.32,10.32,0.18,0.8,21,21,21,1,0.3,0.7,3.8,0.9,0.9,0.06,0.01,0.4,0.02,0.22,0.71,0.02,0.06,0.65,0.76,0.09,0.02,5,2.23,7.97,29.06,12.43,2.61,19.16,2.98,0.19,34.564,74.66,58,195
0,659,62.4,30.5,4.88,3.8,1.3,10,1.7,2.2,26,270,350,12,49,7.8,0,12,12,2,0.03,0,1,4.2,5.2,0.17,1.4,25,25,25,0,0.2,0.1,0.7,0.7,0.7,0.1,0.02,0.71,0.04,0.39,1.24,0.03,0.14,1.48,1.72,0.18,0.03,11.7,6.26,19.32,72.54,24.99,10.55,54.23,7.31,0.41,86.533,104.7,70,247
0,599,70,23.4,3.74,5.5,1.2,6,1.3,2.15,26,221,367,9.4,55,3.63,2,10,10,4,0.047,0.21,6.7,3.21,9.92,0.19,0.9,20,20,20,1,0.3,0.7,3.63,0.9,0.89,0.21,0.03,1.26,0.06,0.64,2.21,0.07,0.21,2.06,2.41,0.15,0.04,11.41,2.1,7.49,27.33,12.92,2.46,18.02,2.8,0.27,33.739,250.86,58,189
0,746,60.6,29.7,4.75,6.5,1.3,10,1.7,2.14,25,261,340,11.4,48,7.46,1,12,12,3,0.028,0.004,1.02,4.08,5.11,0.18,1.4,24,24,24,0,0.2,0.1,0.7,0.7,0.73,0.21,0.03,1.32,0.07,0.68,2.31,0.08,0.27,2.62,3.06,0.2,0.05,16.92,5.94,18.31,68.75,23.68,10,53.31,6.93,0.45,83.919,251.31,70,240
0,930,62.1,21.4,3.42,15.3,1.1,6,1.4,2,23,198,330,7.7,50,3.16,9,11,11,11,0.039,0.182,5.88,2.94,8.82,0.21,1.3,19,19,19,1,0.5,0.5,3.17,0.9,0.86,0.65,0.09,3.62,0.18,1.8,6.33,0.23,0.63,5.97,6.98,0.29,0.08,29.14,1.73,6.18,22.52,14.3,2.02,14.85,2.31,0.46,31.46,737.9,58,173
0,1007,55.1,27.3,4.37,14.7,1.2,9,1.9,1.94,23,234,310,9.5,45,6.44,4,12,12,6,0.024,0.017,1.08,3.76,4.84,0.22,1.5,22,22,22,0,0.3,0.1,0.68,0.8,0.83,0.54,0.08,3.16,0.16,1.56,5.51,0.23,0.68,6.03,7.08,0.29,0.1,32.67,4.95,15.26,57.31,19.75,8.33,50.52,5.78,0.58,76.044,693.1,69,221
0,536,73.2,27.2,4.35,2,1.2,4,1.2,1.7,24,240,340,19,38,5.7,0,10,10,2,0.03,0.11,3,3.74,6.74,0.22,1,21,21,21,1,0.3,0.7,3.8,0.5,0.5,0.05,0.01,0.4,0.02,0.23,0.71,0.01,0.05,0.67,0.78,0.11,0.03,5.59,3.81,13.54,52.1,20.56,4.8,32.87,4.27,0.28,57.69,68.96,54,220
0,644,65.9,30.9,4.94,3.2,1.3,4,1.7,2.8,23,260,360,0,47,7.2,0,12,12,2,0.03,0.08,3,4.25,7.25,0.12,2.5,25,25,25,0,0.2,0.1,0.7,0.7,0.7,0.08,0.01,0.58,0.03,0.32,1.02,0.02,0.11,1.22,1.43,0.15,0.03,9.56,5.48,18.14,71.43,33.88,8,51.36,7.68,0.39,92.92,89.08,77,250
0,740,63,37.5,6,2.8,1.7,5,0.8,2.34,22,215,258,26.2,29,7.86,0,10,10,2,0.019,0.129,2.28,5.17,7.44,0.11,0.8,19,19,19,1,0.4,0.9,4.72,0.6,0.55,0.07,0.01,0.55,0.03,0.32,0.98,0.02,0.07,0.92,1.07,0.15,0.04,7.71,5.26,18.67,71.86,28.35,6.62,45.33,5.89,0.38,79.572,95.11,74,304
0,559,72.6,27,4.32,2.7,1.2,5,1.2,1.7,24,238,338,18.8,38,5.64,0,10,10,2,0.03,0.109,2.99,3.72,6.71,0.22,1,21,21,21,1,0.3,0.7,3.77,0.5,0.5,0.08,0.01,0.57,0.03,0.32,1.01,0.02,0.08,0.95,1.1,0.12,0.03,6.86,3.77,13.38,51.48,20.56,4.74,32.48,4.22,0.29,57.251,104.09,54,219
0,657,65.6,30.8,4.92,3.6,1.3,4,1.7,2.78,23,259,358,0,47,7.15,0,12,12,2,0.03,0.08,2.99,4.23,7.23,0.12,2.5,25,25,25,0,0.2,0.1,0.7,0.7,0.71,0.09,0.02,0.68,0.03,0.37,1.19,0.03,0.13,1.4,1.63,0.16,0.04,10.37,5.44,18,70.86,33.61,7.94,51.24,7.62,0.4,92.469,111.63,77,249
0,752,62.8,37.3,5.98,3.2,1.6,5,0.8,2.33,21,214,257,26,29,7.81,0,10,10,2,0.019,0.129,2.27,5.13,7.41,0.11,0.8,19,19,19,1,0.4,0.9,4.68,0.6,0.56,0.09,0.01,0.65,0.03,0.36,1.15,0.02,0.1,1.1,1.28,0.16,0.04,8.54,5.22,18.52,71.29,28.12,6.57,45.26,5.84,0.39,79.228,117.61,74,302
0,480,72.8,23.3,3.73,2.3,1.2,5,1.2,2.05,26,215,360,9.5,56,4.2,0,10,10,2,0.055,0.21,5,3.21,8.21,0.13,0.6,21,21,21,1,0.3,0.7,3.8,0.7,0.7,0.08,0.01,0.46,0.02,0.25,0.83,0.02,0.07,0.76,0.9,0.12,0.03,6.34,3.58,12.41,44.79,24.95,2.98,33.13,5.18,0.28,63.258,82.36,52,189
0,643,64.8,30.6,4.89,3.4,1.3,8,1.7,2.4,28,265,375,13,48,6.9,0,12,12,2,0.03,0,1,4.2,5.2,0.12,1.2,25,25,25,0,0.2,0.1,0.7,0.7,0.7,0.08,0.01,0.61,0.04,0.37,1.11,0.02,0.11,1.31,1.5,0.17,0.02,10.31,6.14,18.64,71.15,18.73,11.84,46.75,6.79,0.38,72.269,84.51,76,247
0,668,68.4,22.2,3.55,7.9,1.2,5,1.3,1.98,24,202,341,8.7,54,3.91,4,10,10,5,0.05,0.195,4.65,3.06,7.71,0.15,0.9,20,20,20,1,0.4,0.6,3.54,0.7,0.7,0.32,0.04,1.8,0.09,0.91,3.17,0.11,0.31,2.98,3.49,0.2,0.06,16.34,3.28,11.38,41.05,24.95,2.71,30.44,4.76,0.39,60.147,358.92,52,180
0,789,61.6,29.3,4.68,7.9,1.3,8,1.8,2.28,27,251,357,11.9,47,6.39,2,12,12,4,0.027,0.007,1.04,4.03,5.07,0.14,1.3,24,24,24,0,0.2,0.1,0.69,0.8,0.75,0.27,0.04,1.63,0.08,0.85,2.88,0.1,0.34,3.2,3.73,0.22,0.05,19.04,5.61,17,64.94,16.91,10.85,45.62,6.18,0.45,68.71,328.36,75,237
0,848,64.1,21.2,3.39,13.2,1.1,5,1.4,1.9,22,190,322,7.9,51,3.63,7,11,11,9,0.045,0.18,4.31,2.91,7.22,0.16,1.1,19,19,19,1,0.4,0.6,3.28,0.7,0.69,0.56,0.08,3.09,0.15,1.54,5.42,0.19,0.54,5.1,5.97,0.27,0.08,25.93,3,10.41,37.53,25,2.45,27.93,4.37,0.49,57.294,624.18,53,171
0,888,59.4,28.4,4.55,10.9,1.3,8,1.8,2.2,26,241,345,11.1,46,6.03,3,12,12,5,0.026,0.012,1.06,3.91,4.97,0.16,1.4,23,23,23,0,0.3,0.1,0.69,0.8,0.79,0.39,0.06,2.32,0.12,1.18,4.08,0.16,0.49,4.48,5.24,0.25,0.07,24.98,5.24,15.88,60.69,15.62,10.19,44.8,5.76,0.5,66.188,494.5,74,230
0,487,72.9,24.4,3.9,2,1.2,6,1.2,2.2,27,230,380,7,57,3.8,0,10,10,2,0.05,0.22,7,3.37,10.36,0.14,0.4,21,21,21,1,0.3,0.7,3.8,0.9,0.9,0.06,0.01,0.41,0.02,0.23,0.74,0.02,0.06,0.67,0.78,0.1,0.02,5.15,2.3,8.22,29.98,12.82,2.69,19.77,3.07,0.2,35.656,77.02,58,198
0,637,64.7,29.2,4.67,3.8,1.3,10,1.7,2.2,26,270,350,13,49,7.8,0,12,12,2,0.03,0,1,4.01,5.02,0.14,1.4,25,25,25,0,0.2,0.1,0.7,0.7,0.7,0.1,0.02,0.71,0.04,0.39,1.25,0.03,0.14,1.49,1.72,0.18,0.03,11.73,6.28,19.37,72.73,25.06,10.58,54.37,7.33,0.41,86.761,104.98,70,236
0,738,66.9,22.8,3.66,9.5,1.2,6,1.3,2.09,25,212,352,6.1,53,3.44,5,10,10,7,0.044,0.199,6.37,3.15,9.51,0.16,0.7,20,20,20,1,0.4,0.6,3.45,0.9,0.88,0.39,0.06,2.21,0.11,1.11,3.88,0.14,0.38,3.65,4.27,0.21,0.06,18.66,2.01,7.19,26.2,13.82,2.35,17.27,2.68,0.35,33.779,448.27,58,185
0,837,60.3,27.5,4.41,10,1.3,9,1.8,2.05,24,250,327,11.5,47,7.03,2,12,12,4,0.026,0.01,1.05,3.79,4.84,0.17,1.5,23,23,23,0,0.2,0.1,0.69,0.8,0.77,0.35,0.05,2.1,0.1,1.06,3.66,0.14,0.44,4.06,4.76,0.24,0.07,23.59,5.54,17.07,64.09,22.08,9.32,52.26,6.46,0.51,80.797,437.97,69,223
0,988,60.9,21.3,3.41,16.9,1.1,6,1.4,1.97,22,194,325,5.2,49,3.08,10,11,11,12,0.037,0.177,5.74,2.92,8.67,0.18,1,18,18,18,1,0.5,0.5,3.1,0.8,0.85,0.72,0.1,4.01,0.2,1.99,7.02,0.25,0.7,6.62,7.74,0.31,0.09,32.12,1.72,6.15,22.43,14.82,2.02,14.79,2.3,0.5,31.908,818.34,59,172
0,984,57.1,26.3,4.21,14.5,1.2,9,1.9,1.94,23,235,311,10.3,45,6.46,4,12,12,6,0.024,0.017,1.08,3.62,4.7,0.19,1.5,22,22,22,0,0.3,0.1,0.68,0.8,0.82,0.54,0.08,3.12,0.16,1.55,5.44,0.22,0.67,5.96,7,0.29,0.1,32.34,4.98,15.37,57.72,19.89,8.39,50.7,5.82,0.58,76.4,683.5,69,213
0,490,75,22.3,3.57,3,1.2,4,1.2,1.24,24,200,360,12,44,3,0,10,10,2,0.03,0.11,3,3.08,6.07,0.22,1,21,21,21,1,0.3,0.7,3.8,0.9,0.9,0.07,0.01,0.62,0.03,0.34,1.09,0.02,0.08,1.03,1.17,0.17,0.02,8.08,7.64,17.94,78.9,20.56,11.27,42.4,5.66,0.38,68.618,114.21,35,181
0,660,63.4,32.7,5.23,2.8,1.3,4,1.7,2.4,24,220,340,14,54,4.8,0,12,12,2,0.06,0.2,3,4.51,7.5,0.12,1.8,25,25,25,0,0.2,0.1,0.7,0.7,0.7,0.04,0.01,0.48,0.02,0.22,0.78,0.02,0.13,1.13,1.34,0.15,0.02,9.36,5.23,20.26,79.41,30.42,7.98,51.94,7.77,0.39,90.127,63.17,62,265
0,558,73.3,22,3.51,5,1.2,4,1.2,1.24,23,196,353,11.6,43,2.93,1,10,10,3,0.029,0.108,2.97,3.03,5.99,0.22,1,21,21,21,1,0.3,0.7,3.7,0.9,0.89,0.16,0.02,1.1,0.06,0.58,1.93,0.05,0.16,1.82,2.1,0.2,0.02,11.64,7.38,17.33,76.2,20.56,10.88,40.95,5.47,0.41,66.982,213.62,36,178
0,719,62.1,32.1,5.13,4.7,1.3,4,1.7,2.35,24,216,334,13.5,53,4.68,1,12,12,3,0.058,0.196,2.94,4.42,7.36,0.13,1.8,25,25,25,0,0.2,0.1,0.7,0.7,0.72,0.12,0.02,0.91,0.04,0.43,1.52,0.06,0.22,1.92,2.27,0.17,0.04,13.02,5.04,19.54,76.56,29.33,7.69,51.39,7.49,0.42,88.209,165.01,62,260
0,681,70.2,21.3,3.41,8.6,1.2,4,1.3,1.25,23,189,341,10.8,42,2.8,4,10,10,6,0.027,0.104,2.9,2.94,5.83,0.23,1.1,20,20,20,1,0.4,0.6,3.53,0.9,0.88,0.32,0.05,1.98,0.1,1.01,3.45,0.11,0.32,3.26,3.79,0.24,0.04,18.1,6.9,16.22,71.3,20.58,10.18,38.32,5.12,0.48,64.015,393.85,37,173
0,793,60.5,31.3,5.01,7.1,1.3,4,1.8,2.28,23,210,325,12.9,52,4.52,2,12,12,4,0.055,0.19,2.87,4.3,7.18,0.14,1.8,24,24,24,0,0.2,0.1,0.69,0.7,0.75,0.22,0.04,1.44,0.07,0.69,2.46,0.1,0.34,2.91,3.43,0.2,0.05,17.62,4.81,18.62,72.99,27.96,7.33,50.7,7.14,0.46,85.799,293.03,62,253
1,2315,27.4,10.8,1.73,57.6,0.5,5,0,0.41,6,56,91,0,22,0.54,34,0,0,34,0,0.07,2,1.62,3.61,0.1,2.9,4,4,4,0,0.7,0,0.7,1.1,1.1,2.29,0.42,11.07,0.93,11.03,25.75,0.07,0.71,19.58,20.8,1.39,0.99,129.91,0,0,0,0,0,140.71,0,2.65,140.709,5329.54,62,95
1,2251,23.6,16.2,2.59,53.4,0.5,6,0,0.67,8,82,110,0,28,1,42,0,0,42,0,0,7,2.41,9.42,0.1,3,4,4,4,0,1.6,0,1.6,0.8,0.8,2.08,0.4,10.72,0.88,10.63,24.72,0.12,0.74,18.36,19.94,1.12,0.9,134.52,0,0,0,0,0,146.06,0,2.3,146.055,3947.55,74,142
1,606,70.3,25.6,4.09,4.6,1.1,7,1.2,2.5,30,295,340,15,68,3.2,9,0,0,9,0.145,0.23,6.9,3.81,10.71,0.16,1,17,17,17,0,0,0.6,3,0.4,0.45,0.09,0.02,0.81,0.05,0.63,1.6,0,0.06,1.85,1.99,0.22,0.04,13.97,13.63,7.87,92.38,22.6,6.49,38.67,9.28,0.47,70.561,190.44,69,224
1,900,60.5,32,5.11,9.6,1,11,1.2,2.95,32,270,330,26.5,70,5,8,0,0,8,0.155,0.345,6.75,4.76,11.51,0.08,2.1,17,17,17,0,0,0.3,1.5,0.2,0.2,0.22,0.04,1.77,0.1,1.35,3.48,0.01,0.14,3.51,3.82,0.52,0.18,26.57,21.03,17.14,155.63,68.7,8.78,88.48,29.4,1.12,186.586,422,92,280
1,804,65.3,23.9,3.82,10.8,1,7,1.1,2.26,27,267,311,13.2,63,2.89,12,0,0,12,0.128,0.211,6.34,3.55,9.9,0.15,1.2,15,15,15,0,0.1,0.5,2.73,0.5,0.53,0.35,0.06,2,0.15,1.84,4.39,0.01,0.14,3.9,4.17,0.36,0.15,27.38,12.06,6.95,81.66,20,5.74,50.48,8.21,0.72,78.691,785.1,68,209
1,1042,56.6,30.2,4.83,14.3,1,10,1.1,2.7,29,250,307,23.6,65,4.55,11,0,0,11,0.138,0.307,6.78,4.51,11.28,0.09,2.2,15,15,15,0,0.2,0.3,1.51,0.3,0.27,0.42,0.08,2.72,0.18,2.34,5.74,0.02,0.21,5.08,5.52,0.58,0.26,38,18.74,15.23,138.32,61.51,7.8,94.56,26.15,1.24,182.217,798.78,91,265
1,1129,57.2,20.8,3.33,20.9,0.9,7,0.8,1.89,23,225,264,10.7,54,2.4,16,0,0,16,0.101,0.183,5.37,3.11,8.47,0.14,1.6,13,13,13,0,0.2,0.4,2.29,0.6,0.65,0.77,0.14,3.96,0.32,3.83,9.02,0.02,0.26,7.3,7.78,0.58,0.34,49.69,9.36,5.47,64.38,15.45,4.57,69.99,6.47,1.14,91.907,1771.75,67,183
1,1202,52.2,28.4,4.55,19.4,0.9,10,0.9,2.44,27,228,281,20.6,60,4.1,15,0,0,15,0.12,0.268,6.81,4.23,11.05,0.09,2.3,14,14,14,0,0.4,0.2,1.52,0.3,0.34,0.64,0.12,3.77,0.28,3.43,8.23,0.04,0.28,6.83,7.42,0.65,0.34,50.7,16.32,13.3,120.74,53.35,6.81,101.35,22.82,1.38,177.515,1210.63,88,249
1,542,72.6,22.5,3.6,4.3,1.1,6,1.2,3.1,30,350,350,20,65,3.6,9,0,0,9,0.16,0.26,6.5,3.35,9.85,0.12,1.3,17,17,17,0,0,0.6,3,0.4,0.4,0.08,0.01,0.72,0.05,0.53,1.4,0,0.06,1.74,1.88,0.24,0.04,14.38,12.29,8.31,99.89,19.42,7.76,36.91,10,0.49,66.33,171.81,65,197
1,957,59.6,34.1,5.46,10.2,1,11,1.2,3.1,32,280,330,30,65,5.8,8,0,0,8,0.17,0.41,6.6,5.08,11.68,0.08,3,17,17,17,0,0,0.3,1.5,0.2,0.2,0.24,0.04,1.91,0.1,1.31,3.62,0.02,0.18,3.76,4.11,0.6,0.18,28.96,22.8,20.28,181.72,64.47,10.56,90.35,33.64,1.24,188.453,375.78,93,299
1,753,67.2,21.1,3.38,10.6,1,6,1.1,2.78,27,315,319,17.6,60,3.24,12,0,0,12,0.141,0.237,5.96,3.15,9.11,0.12,1.5,15,15,15,0,0.1,0.5,2.73,0.5,0.48,0.35,0.06,1.95,0.15,1.78,4.29,0.01,0.14,3.86,4.13,0.38,0.16,28.13,10.83,7.32,88,17.11,6.84,49.26,8.81,0.75,75.181,785.58,65,185
1,1132,54.8,31.7,5.07,16,0.9,10,1,2.77,29,253,300,26,60,5.15,12,0,0,12,0.147,0.355,6.65,4.73,11.37,0.08,3,15,15,15,0,0.2,0.3,1.51,0.3,0.28,0.49,0.09,3.1,0.2,2.57,6.46,0.03,0.26,5.72,6.24,0.67,0.28,43.19,19.72,17.54,157.23,55.78,9.14,97.86,29.1,1.38,182.738,857.26,90,278
1,981,61.4,19.6,3.14,17.5,1,6,0.9,2.43,24,277,286,15,54,2.84,15,0,0,15,0.12,0.213,5.38,2.92,8.3,0.12,1.7,14,14,14,0,0.2,0.5,2.43,0.6,0.57,0.63,0.11,3.29,0.27,3.13,7.43,0.02,0.22,6.16,6.57,0.52,0.28,43.02,9.24,6.25,75.13,14.6,5.84,62.64,7.52,1.03,84.769,1450.41,64,172
1,1251,51.5,30,4.81,20,0.9,10,0.9,2.55,27,235,280,23.2,57,4.71,15,0,0,15,0.131,0.317,6.69,4.47,11.17,0.08,3,14,14,14,0,0.4,0.2,1.52,0.3,0.34,0.66,0.13,3.91,0.28,3.42,8.4,0.04,0.31,7.07,7.7,0.72,0.34,52.9,17.63,15.68,140.51,49.85,8.16,102.98,26.01,1.48,178.837,1185.86,89,263
1,554,72.2,21.3,3.41,5.2,1.1,5,1.2,2.2,27,250,340,15,53,4.3,9,0,0,9,0.13,0.21,4.5,3.18,7.68,0.1,0.8,17,17,17,0,0,0.6,3,0.4,0.4,0.12,0.02,0.94,0.05,0.68,1.82,0,0.07,1.93,2.08,0.3,0.1,15.53,11.15,9.29,93.93,39.54,6.48,57.25,20.72,0.66,117.509,234.54,78,187
1,773,62,31.3,5.01,6.5,1.2,5,1.2,3.7,27,290,390,17,59,2.6,8,0,0,8,0.14,0.32,5.2,4.66,9.86,0.05,2.2,17,17,17,0,0,0.3,1.5,0.2,0.2,0.18,0.03,1.14,0.08,1.02,2.45,0.01,0.08,2.36,2.54,0.26,0.12,19.59,11.67,7.14,55.19,24.23,3.69,45.25,13.64,0.55,83.118,414.7,96,274
1,776,59.9,32.2,5.15,6.2,1.6,8,0.9,3.07,26,239,275,21,43,6.01,9,0,0,9,0.057,0.176,3.71,4.79,8.51,0.07,0.6,14,14,14,0,0,0.8,3.97,0.5,0.47,0.12,0.02,1.04,0.07,0.76,2,0.01,0.09,2.5,2.7,0.35,0.06,20.65,17.65,11.94,143.48,27.89,11.15,53.01,14.37,0.71,95.275,246.79,115,282
1,588,71.3,21.1,3.38,6.2,1.1,5,1.2,2.17,27,246,335,14.7,52,4.23,9,0,0,9,0.128,0.207,4.45,3.15,7.59,0.1,0.8,16,16,16,0,0,0.6,2.96,0.4,0.41,0.16,0.03,1.13,0.07,0.88,2.27,0.01,0.08,2.26,2.44,0.32,0.12,17.71,10.93,9.11,92.14,38.78,6.35,58.85,20.32,0.7,117.952,331.86,78,185
1,806,61.2,31,4.95,7.6,1.2,5,1.2,3.63,27,285,384,16.6,58,2.56,8,0,0,8,0.137,0.313,5.24,4.61,9.86,0.05,2.2,16,16,16,0,0,0.3,1.5,0.2,0.22,0.22,0.04,1.35,0.1,1.24,2.95,0.01,0.1,2.71,2.92,0.27,0.14,22.16,11.41,6.98,53.96,23.69,3.61,47.51,13.33,0.59,84.528,493.83,96,271
1,809,59,31.8,5.1,7.2,1.6,8,0.9,3.02,25,235,271,20.5,43,5.9,10,0,0,10,0.056,0.172,3.78,4.74,8.53,0.07,0.7,13,13,13,0,0,0.8,3.92,0.5,0.48,0.16,0.03,1.25,0.09,0.98,2.51,0.01,0.1,2.86,3.08,0.36,0.08,23.2,17.26,11.67,140.26,27.27,10.9,55.1,14.05,0.74,96.412,329.68,114,279
1,541,72.4,21.6,3.46,4.7,1.1,5,1.2,2.2,27,250,340,15,53,4.3,9,0,0,9,0.13,0.205,4.35,3.21,7.57,0.1,0.8,17,17,17,0,0,0.6,3,0.4,0.4,0.1,0.02,0.82,0.05,0.6,1.59,0,0.06,1.82,1.96,0.27,0.07,14.78,11.58,8.7,95.75,29.25,7.03,46.65,15.25,0.57,91.148,201.18,78,189
1,768,62,29.7,4.75,7.1,1.2,5,1.2,3.7,27,290,390,17,59,2.6,8,0,0,8,0.145,0.33,5.3,4.42,9.73,0.05,2.2,17,17,17,0,0,0.3,1.5,0.2,0.2,0.18,0.03,1.29,0.08,1.01,2.59,0.01,0.11,2.6,2.82,0.36,0.13,20.73,14.44,11.22,96.19,36.45,5.83,56.73,19.51,0.74,112.691,349.19,96,260
1,776,59.9,32.2,5.15,6.2,1.6,8,0.9,3.07,26,239,275,21,43,6.01,9,0,0,9,0.057,0.176,3.71,4.79,8.51,0.07,0.6,14,14,14,0,0,0.8,3.97,0.5,0.47,0.12,0.02,1.04,0.07,0.76,2,0.01,0.09,2.5,2.7,0.35,0.06,20.65,17.65,11.94,143.48,27.89,11.15,53.01,14.37,0.71,95.275,246.79,115,282
1,583,71.4,21.3,3.42,6,1.1,5,1.2,2.16,26,245,334,14.6,52,4.21,9,0,0,9,0.127,0.202,4.3,3.18,7.48,0.1,0.8,16,16,16,0,0,0.6,2.95,0.4,0.42,0.15,0.03,1.06,0.07,0.84,2.16,0.01,0.08,2.23,2.4,0.29,0.1,17.51,11.3,8.5,93.48,28.61,6.86,48.92,14.91,0.62,92.436,322.36,78,187
1,793,61.4,29.5,4.71,7.9,1.2,5,1.2,3.65,27,286,385,16.7,58,2.57,8,0,0,8,0.143,0.325,5.33,4.39,9.72,0.05,2.3,16,16,16,0,0,0.3,1.5,0.2,0.21,0.22,0.04,1.46,0.09,1.17,2.98,0.01,0.12,2.87,3.12,0.37,0.14,22.71,14.2,11.05,94.72,35.88,5.74,58.34,19.2,0.77,113.419,411.47,96,258
1,802,59.2,31.9,5.11,7,1.6,8,0.9,3.03,26,236,272,20.6,43,5.92,10,0,0,10,0.056,0.173,3.76,4.76,8.52,0.07,0.7,13,13,13,0,0,0.8,3.93,0.5,0.48,0.16,0.03,1.21,0.08,0.93,2.4,0.01,0.1,2.78,3,0.36,0.08,22.63,17.34,11.73,140.98,27.41,10.95,54.63,14.12,0.74,96.159,311.18,114,280
1,703,62.9,29.6,4.74,5.4,1.1,6,1.2,2.2,24,220,280,0,69,6.7,8,0,0,8,0.09,0.28,5.39,4.42,9.8,0.26,3.2,17,17,17,0,0,0.3,1.5,0.2,0.2,0.15,0.03,0.95,0.06,0.85,2.04,0.01,0.07,1.96,2.11,0.21,0.1,16.27,9.7,5.94,45.85,20.13,3.07,37.59,11.33,0.46,69.052,344.52,86,260
1,695,67.9,17.3,2.77,10.9,0.9,7,1.1,1.98,24,226,309,8.8,49,4.89,12,0,0,12,0.088,0.219,5.35,2.58,7.93,0.27,2.7,15,15,15,0,0.1,0.3,1.4,0.6,0.58,0.37,0.07,2.04,0.15,1.85,4.48,0.01,0.14,3.8,4.07,0.39,0.2,27.23,8.08,6.74,68.13,28.67,4.7,58.82,15.03,0.8,102.521,825.11,55,152
1,859,58.9,28.3,4.52,10.2,1,6,1.1,2.05,22,206,263,0,65,6.13,11,0,0,11,0.081,0.252,5.55,4.22,9.76,0.24,3.2,15,15,15,0,0.2,0.3,1.51,0.3,0.26,0.34,0.07,1.93,0.15,1.83,4.32,0.02,0.14,3.61,3.9,0.3,0.18,28.18,8.72,5.34,41.24,18.1,2.76,48.52,10.19,0.64,76.806,707.34,85,248
1,894,63,16.5,2.64,16.6,0.8,6,0.9,1.79,21,205,283,7.7,46,4.36,14,0,0,14,0.077,0.201,4.94,2.47,7.4,0.25,2.8,14,14,14,0,0.2,0.2,1.32,0.6,0.64,0.61,0.11,3.14,0.25,2.98,7.09,0.02,0.21,5.74,6.12,0.51,0.3,39.8,7.09,5.91,59.78,25.16,4.12,68.85,13.19,1.03,107.197,1376.68,56,145
1,1095,53,26.2,4.19,17.5,0.9,6,0.9,1.81,20,185,237,0,59,5.26,16,0,0,16,0.067,0.209,5.8,3.91,9.71,0.22,3.1,13,13,13,0,0.4,0.2,1.52,0.4,0.35,0.64,0.12,3.42,0.27,3.32,7.78,0.03,0.24,6.11,6.62,0.44,0.3,46.19,7.24,4.43,34.25,15.04,2.29,65.03,8.46,0.93,88.534,1256.08,83,230
1,559,73,20.5,3.28,5.7,0.9,10,1.2,1.6,27,220,330,10,72,5.4,9,0,0,9,0.13,0.26,4.2,3.06,7.26,0.31,1.3,17,17,17,0,0,0.6,3,0.5,0.5,0.14,0.02,1.02,0.06,0.75,1.99,0.01,0.08,2.11,2.28,0.33,0.12,17.02,12.22,10.18,102.96,43.34,7.1,62.76,22.71,0.72,128.807,257.09,60,180
1,898,61,28,4.48,11.4,1.1,8,1.2,1.5,28,210,350,0,67,5,8,0,0,8,0.1,0.32,5.4,4.18,9.57,0.27,2.7,17,17,17,0,0,0.3,1.5,0.2,0.2,0.31,0.06,2,0.14,1.79,4.3,0.01,0.15,4.13,4.45,0.45,0.21,34.36,20.47,12.53,96.8,42.5,6.47,79.36,23.91,0.97,145.776,727.31,82,246
1,971,62.3,18.2,2.92,17.9,0.8,9,0.9,1.32,22,182,274,7.7,60,4.26,15,0,0,15,0.099,0.215,3.68,2.72,6.4,0.26,1.7,14,14,14,0,0.2,0.5,2.46,0.6,0.64,0.64,0.12,3.38,0.26,3.16,7.57,0.02,0.22,6.21,6.63,0.58,0.32,43.52,9.35,7.79,78.8,33.16,5.43,81.05,17.38,1.18,131.6,1447.6,60,160
1,1108,55.1,26.2,4.19,17.9,1,7,1,1.37,25,190,313,0,61,4.38,13,0,0,13,0.084,0.27,5.65,3.89,9.55,0.24,2.7,15,15,15,0,0.2,0.3,1.52,0.3,0.3,0.59,0.11,3.36,0.25,3.17,7.48,0.03,0.24,6.34,6.86,0.55,0.32,49.94,17.28,10.58,81.74,35.89,5.47,89.74,20.19,1.18,145.819,1228.38,81,229
1,1126,58.3,17.4,2.78,22.4,0.8,8,0.8,1.22,20,167,253,6.8,56,3.83,17,0,0,17,0.088,0.199,3.49,2.58,6.08,0.24,1.8,13,13,13,0,0.2,0.4,2.26,0.7,0.7,0.83,0.15,4.26,0.34,4.07,9.65,0.03,0.28,7.75,8.26,0.67,0.4,53.43,8.28,6.9,69.75,29.36,4.81,87.9,15.39,1.34,132.646,1893.12,61,152
1,1173,53.4,25.6,4.1,19.9,1,7,1,1.33,24,184,301,0,59,4.19,15,0,0,15,0.08,0.255,5.72,3.83,9.54,0.24,2.8,14,14,14,0,0.3,0.2,1.52,0.3,0.32,0.67,0.13,3.77,0.28,3.59,8.44,0.04,0.27,7.02,7.59,0.58,0.35,54.69,16.31,9.99,77.15,33.87,5.16,92.9,19.06,1.24,145.833,1381.02,80,225
1,585,72.1,20.9,3.34,6.2,1.1,9,1.2,2.1,30,230,350,10,64,2.9,9,0,0,9,0.12,0.26,6.8,3.11,9.92,0.13,0.6,17,17,17,0,0,0.6,3,0.5,0.51,0.12,0.02,1.11,0.06,0.92,2.24,0,0.08,2.43,2.61,0.26,0.05,16.81,18.57,9.2,105.24,31.97,6.47,50.15,10.62,0.56,92.741,259.26,67,183
1,837,60.4,30.5,4.88,8.6,1.1,10,0.8,2.6,30,240,320,23,66,4.3,8,0,0,8,0.2,0.36,7.7,4.54,12.25,0.08,1,17,17,17,0,0,0.3,1.5,0.2,0.2,0.18,0.03,1.54,0.1,1.31,3.16,0.01,0.1,3.08,3.33,0.4,0.18,22.84,18.2,13.23,122.42,68.93,6.62,81.85,23.79,0.94,174.567,442.48,96,267
1,890,64.2,19.1,3.06,15.3,1,9,1,1.8,26,199,304,8.2,57,2.48,13,0,0,13,0.099,0.226,5.95,2.86,8.8,0.12,1,14,14,14,0,0.1,0.5,2.59,0.6,0.61,0.51,0.09,2.87,0.22,2.7,6.39,0.02,0.19,5.46,5.82,0.46,0.22,36.77,15.29,7.58,86.66,26.33,5.33,66.13,8.75,0.93,101.207,1154.16,66,168
1,1107,53.3,27.8,4.44,17.1,1,9,0.7,2.23,26,210,280,18.6,59,3.67,14,0,0,14,0.162,0.291,7.57,4.15,11.71,0.08,1.4,14,14,14,0,0.3,0.2,1.52,0.3,0.32,0.54,0.1,3.29,0.25,3.09,7.28,0.03,0.22,5.99,6.5,0.54,0.32,44.15,14.72,10.71,99.06,55.78,5.35,94.1,19.25,1.2,169.127,1111.25,92,244
1,977,62,18.6,2.98,17.8,1,8,0.9,1.72,24,191,291,7.7,54,2.36,14,0,0,14,0.093,0.217,5.71,2.77,8.48,0.12,1.1,14,14,14,0,0.2,0.5,2.48,0.6,0.64,0.62,0.11,3.36,0.26,3.21,7.56,0.02,0.22,6.32,6.73,0.51,0.27,42.43,14.36,7.12,81.4,24.73,5.01,70.66,8.22,1.03,103.606,1407.68,66,163
1,1163,51.9,27.2,4.35,18.9,1,9,0.7,2.16,25,204,272,17.7,57,3.54,16,0,0,16,0.154,0.277,7.54,4.06,11.6,0.08,1.5,14,14,14,0,0.4,0.2,1.52,0.3,0.34,0.62,0.12,3.65,0.28,3.46,8.13,0.03,0.25,6.6,7.16,0.57,0.35,48.58,14,10.18,94.21,53.05,5.09,96.64,18.31,1.26,167.998,1250.05,91,239
1,477,72.7,21.1,3.38,3.2,1.1,6,1.2,2.1,30,240,350,20,68,4.1,9,0,0,9,0.13,0.21,4.5,3.15,7.64,0.1,0.8,17,17,17,0,0,0.6,3,0.4,0.4,0.06,0.01,0.54,0.04,0.39,1.04,0,0.05,1.3,1.4,0.18,0.03,10.7,9.14,6.18,74.34,14.45,5.77,27.46,7.44,0.36,49.361,127.86,71,185
1,742,61.4,30.6,4.9,6,1,6,1.2,2.6,29,340,310,30,65,5.3,8,0,0,8,0.14,0.32,5.2,4.56,9.76,0.05,2.2,17,17,17,0,0,0.3,1.5,0.2,0.2,0.14,0.03,1.12,0.06,0.77,2.13,0.01,0.11,2.21,2.42,0.36,0.1,17.04,13.41,11.93,106.9,37.92,6.21,53.15,19.79,0.73,110.854,221.05,80,268
1,604,69.6,20.4,3.26,7,1.1,6,1.1,1.98,28,227,332,18.6,65,3.85,10,0,0,10,0.121,0.2,4.33,3.04,7.37,0.1,0.9,16,16,16,0,0,0.6,2.84,0.4,0.45,0.22,0.04,1.26,0.1,1.13,2.74,0.01,0.09,2.56,2.74,0.26,0.1,18.92,8.51,5.76,69.21,13.45,5.38,35.28,6.93,0.52,55.664,486.78,70,179
1,840,59,29.7,4.75,9.1,1,6,1.1,2.47,28,323,297,28,63,5.02,10,0,0,10,0.131,0.299,5.32,4.42,9.74,0.05,2.3,16,16,16,0,0.1,0.3,1.51,0.2,0.24,0.27,0.05,1.75,0.11,1.41,3.6,0.02,0.15,3.26,3.56,0.4,0.16,24.69,12.54,11.15,99.94,35.45,5.81,59.19,18.5,0.83,113.146,463.64,80,260
1,786,65.1,19.4,3.1,12.3,1,6,1,1.82,26,209,306,16.6,60,3.5,13,0,0,13,0.108,0.186,4.08,2.89,6.97,0.1,1.2,15,15,15,0,0.1,0.5,2.61,0.5,0.52,0.44,0.08,2.31,0.19,2.18,5.19,0.02,0.16,4.37,4.66,0.38,0.19,30.73,7.61,5.15,61.84,12.02,4.8,46.49,6.19,0.75,64.709,1001.83,69,170
1,959,56,28.5,4.57,12.8,0.9,6,1,2.32,26,303,281,25.7,60,4.68,13,0,0,13,0.12,0.274,5.46,4.25,9.71,0.06,2.3,15,15,15,0,0.2,0.3,1.51,0.3,0.29,0.42,0.08,2.5,0.18,2.18,5.37,0.02,0.2,4.52,4.93,0.46,0.22,33.88,11.49,10.22,91.57,32.48,5.32,66.47,16.95,0.95,115.901,755.38,79,250
1,671,68,28.6,4.58,5,1.1,8,1.2,1.9,30,240,330,10,71,2.8,9,0,0,9,0.13,0.2,7.3,4.27,11.56,0.19,0.6,17,17,17,0,0,0.6,3,0.5,0.51,0.1,0.02,0.89,0.05,0.74,1.8,0,0.06,1.96,2.1,0.21,0.04,13.56,14.98,7.42,84.87,25.78,5.22,40.44,8.56,0.45,74.791,209.08,73,251
1,843,61.4,29.8,4.77,9.1,1.1,11,1.2,2.8,32,260,330,23,74,4.2,8,0,0,8,0.14,0.28,6.9,4.44,11.34,0.09,1.2,17,17,17,0,0,0.3,1.5,0.2,0.2,0.19,0.04,1.63,0.1,1.39,3.35,0.01,0.11,3.26,3.52,0.43,0.19,24.17,19.26,14,129.54,72.94,7,86.61,25.17,1,184.718,468.21,92,261
1,856,63.5,26.6,4.26,10.9,1,8,1.1,1.73,27,219,303,8.9,65,2.55,11,0,0,11,0.115,0.185,6.7,3.96,10.66,0.18,0.9,15,15,15,0,0.1,0.5,2.74,0.6,0.57,0.35,0.06,2.04,0.15,1.9,4.49,0.01,0.14,3.94,4.2,0.34,0.15,26.64,13.29,6.59,75.33,22.89,4.63,51.71,7.6,0.7,82.2,784.62,72,233
1,953,58.4,28.7,4.6,12.6,1.1,11,1.1,2.63,30,246,313,21.2,70,3.95,10,0,0,10,0.129,0.258,6.91,4.28,11.19,0.09,1.3,16,16,16,0,0.1,0.3,1.51,0.2,0.25,0.34,0.06,2.34,0.16,2.11,5.02,0.02,0.16,4.44,4.8,0.48,0.25,32.8,17.75,12.91,119.4,67.23,6.45,91.26,23.2,1.1,181.695,740.3,91,252
1,1276,53.1,22.1,3.53,24.4,0.9,7,0.8,1.35,21,172,242,6.3,53,1.97,18,0,0,18,0.082,0.152,5.35,3.28,8.64,0.16,1.4,12,12,12,0,0.3,0.4,2.15,0.7,0.72,0.91,0.16,4.64,0.38,4.53,10.61,0.03,0.3,8.45,8.98,0.64,0.39,56.37,9.47,4.69,53.64,16.3,3.3,77.33,5.41,1.26,99.045,2093.08,69,193
1,1154,53,26.8,4.29,18.9,1,10,0.9,2.33,27,221,281,17.9,64,3.49,15,0,0,15,0.109,0.218,6.92,4,10.92,0.09,1.6,14,14,14,0,0.4,0.2,1.52,0.3,0.33,0.61,0.12,3.63,0.27,3.43,8.06,0.03,0.24,6.59,7.14,0.58,0.35,48.5,15.01,10.92,100.97,56.85,5.46,99.72,19.62,1.28,176.193,1235.41,88,235
1,602,71.6,20.4,3.26,6.9,1,13,1.2,1.77,20,195,270,0,57,3.72,12,0,0,12,0.09,0.19,11.16,3.04,14.2,0.56,1.7,17,17,17,0,0,0.6,3,0.7,0.74,0.14,0.02,1.2,0.08,0.88,2.32,0.01,0.1,2.9,3.12,0.4,0.07,23.93,20.45,13.83,166.24,32.32,12.91,61.42,16.65,0.82,110.386,285.93,60,179
1,729,64.3,24.4,3.9,8.5,1.3,11,1.2,5,28,206,291,10,74,4.8,11,0,0,11,0.16,0.26,7.6,3.64,11.24,0.1,2.1,0,0,0,0,0,0.2,0.75,0.4,0.43,0.21,0.04,1.65,0.09,1.13,3.12,0.01,0.16,3.24,3.55,0.52,0.15,25.03,19.7,17.52,157.06,55.72,9.12,78.08,29.07,1.07,162.873,324.78,82,214
1,680,64,27.8,4.45,5.6,1,5,1.2,2.7,24,230,270,30,58,4.7,8,0,0,8,0.15,0.34,5.5,4.15,9.64,0.05,2.3,17,17,17,0,0,0.3,1.5,0.3,0.3,0.13,0.02,1.05,0.06,0.72,1.98,0.01,0.1,2.06,2.26,0.33,0.1,15.9,12.52,11.13,99.77,35.39,5.8,49.6,18.47,0.68,103.464,206.31,85,244
1,779,61.5,27.1,4.33,8.6,1,5,1.1,2.57,23,221,260,28.1,56,4.47,10,0,0,10,0.141,0.319,5.6,4.03,9.64,0.05,2.3,16,16,16,0,0.1,0.3,1.51,0.3,0.33,0.26,0.05,1.66,0.11,1.34,3.42,0.02,0.14,3.09,3.37,0.38,0.15,23.38,11.73,10.43,93.48,33.16,5.43,55.68,17.3,0.78,106.147,442.01,84,237
1,858,59.4,26.5,4.24,11,0.9,5,1.1,2.47,22,213,252,26.6,55,4.28,11,0,0,11,0.133,0.302,5.67,3.94,9.62,0.06,2.4,15,15,15,0,0.2,0.3,1.51,0.4,0.36,0.35,0.07,2.14,0.15,1.84,4.56,0.02,0.17,3.9,4.26,0.42,0.19,29.32,11.1,9.87,88.49,31.39,5.14,60.51,16.38,0.86,108.281,629.45,84,232
1,512,72.8,21.5,3.44,4,1.1,5,1.2,2.15,26,225,325,20,66,3.75,9,0,0,9,0.13,0.21,4.45,3.21,7.65,0.1,0.8,17,17,17,0,0,0.6,3,0.4,0.4,0.08,0.01,0.66,0.04,0.48,1.28,0,0.06,1.6,1.72,0.22,0.04,13.21,11.29,7.64,91.76,17.84,7.13,33.9,9.19,0.45,60.931,157.83,70,189
1,711,62.7,29.2,4.67,5.8,1,5,1.2,2.65,26,285,290,30,62,5,8,0,0,8,0.145,0.33,5.35,4.35,9.7,0.05,2.2,17,17,17,0,0,0.3,1.5,0.2,0.25,0.14,0.03,1.09,0.06,0.74,2.06,0.01,0.1,2.14,2.34,0.34,0.1,16.47,12.96,11.53,103.33,36.66,6,51.38,19.13,0.7,107.159,213.68,82,256
1,633,69.7,20.8,3.32,7.6,1.1,5,1.1,2.03,25,214,309,18.7,63,3.53,10,0,0,10,0.121,0.201,4.29,3.09,7.39,0.1,0.9,16,16,16,0,0,0.6,2.84,0.4,0.45,0.23,0.04,1.36,0.1,1.19,2.93,0.01,0.1,2.81,3.01,0.3,0.1,21.06,10.53,7.12,85.62,16.64,6.65,41.1,8.58,0.6,66.316,505.68,70,182
1,810,60.2,28.4,4.54,8.8,1,5,1.1,2.52,25,272,278,28.1,59,4.74,10,0,0,10,0.136,0.309,5.46,4.23,9.69,0.05,2.3,16,16,16,0,0.1,0.3,1.51,0.3,0.29,0.26,0.05,1.7,0.11,1.38,3.51,0.02,0.14,3.18,3.46,0.39,0.15,24.03,12.13,10.79,96.71,34.31,5.62,57.44,17.9,0.8,109.647,452.83,82,249
1,784,65.9,19.9,3.18,12.1,1,5,1,1.89,23,199,289,17,59,3.26,12,0,0,12,0.111,0.189,4.08,2.96,7.04,0.1,1.1,15,15,15,0,0.1,0.5,2.65,0.5,0.51,0.41,0.07,2.24,0.18,2.08,4.98,0.02,0.16,4.32,4.61,0.4,0.18,30.85,9.62,6.51,78.22,15.21,6.08,50.12,7.83,0.78,73.161,938.28,69,174
1,908,57.7,27.5,4.4,11.9,0.9,5,1,2.4,24,258,267,26.2,57,4.48,12,0,0,12,0.127,0.288,5.56,4.1,9.66,0.06,2.3,15,15,15,0,0.2,0.3,1.51,0.3,0.32,0.39,0.08,2.32,0.16,2.01,4.96,0.02,0.18,4.22,4.59,0.44,0.2,31.6,11.29,10.04,90.03,31.94,5.23,63.49,16.66,0.91,112.091,692.41,81,241
1,546,72.8,21.9,3.5,4.7,1.1,4,1.2,2.2,23,210,300,20,63,3.4,9,0,0,9,0.13,0.21,4.4,3.26,7.66,0.1,0.8,17,17,17,0,0,0.6,3,0.4,0.4,0.09,0.02,0.79,0.05,0.58,1.52,0,0.07,1.9,2.05,0.26,0.05,15.71,13.43,9.08,109.18,21.22,8.48,40.34,10.94,0.54,72.5,187.79,70,192
1,769,61.7,30.8,4.94,6.6,1.5,6,1.4,2.94,28,251,359,28.2,75,4.79,9,0,0,9,0.11,0.266,4.96,4.59,9.56,0.09,0.8,16,16,16,0,0,0.8,3.8,0.5,0.45,0.13,0.02,1.11,0.08,0.81,2.15,0.01,0.09,2.68,2.89,0.37,0.06,22.13,18.92,12.79,153.78,29.89,11.94,56.82,15.4,0.76,102.113,264.5,99,270
1,662,69.8,21.2,3.39,8.2,1.1,4,1.1,2.08,22,200,286,18.7,60,3.21,10,0,0,10,0.121,0.201,4.24,3.16,7.4,0.1,0.9,16,16,16,0,0,0.6,2.85,0.4,0.45,0.24,0.04,1.46,0.11,1.26,3.11,0.01,0.11,3.06,3.28,0.34,0.11,23.19,12.55,8.49,102.03,19.84,7.92,46.91,10.22,0.68,76.968,524.58,69,186
1,863,59.3,29.9,4.79,9.6,1.5,6,1.3,2.8,26,241,343,26.4,72,4.55,11,0,0,11,0.103,0.249,5.09,4.45,9.55,0.09,1,16,16,16,0,0.1,0.7,3.66,0.5,0.47,0.25,0.04,1.72,0.12,1.43,3.57,0.01,0.14,3.67,3.96,0.42,0.12,29.21,17.73,11.99,144.09,28.01,11.19,62.44,14.43,0.85,104.881,496.53,97,262
1,782,66.7,20.4,3.27,11.8,1,4,1,1.96,21,189,272,17.3,58,3.02,12,0,0,12,0.113,0.191,4.08,3.04,7.12,0.1,1,15,15,15,0,0.1,0.5,2.69,0.5,0.49,0.39,0.07,2.16,0.17,1.97,4.76,0.01,0.15,4.26,4.56,0.41,0.17,30.97,11.64,7.87,94.59,18.39,7.35,53.75,9.47,0.82,81.613,874.73,69,179
1,937,57.4,29.2,4.67,11.9,1.4,6,1.2,2.69,25,232,331,25,70,4.36,13,0,0,13,0.098,0.236,5.19,4.35,9.54,0.09,1.1,15,15,15,0,0.2,0.7,3.55,0.5,0.49,0.35,0.06,2.2,0.17,1.92,4.7,0.02,0.17,4.45,4.82,0.46,0.16,34.84,16.78,11.35,136.38,26.51,10.59,66.91,13.66,0.93,107.083,681.05,96,256
1,477,72.4,23.9,3.82,1.9,1.3,15,1.2,1.9,24,240,350,20,110,5.7,0,0,0,0,0.05,0.22,3.9,3.57,7.46,0.1,0.8,17,17,17,0,0,0.6,3,0.3,0.3,0.07,0.01,0.35,0.03,0.35,0.82,0,0.02,0.62,0.66,0.04,0.03,4.12,0,0,0,0,0,4.46,0,0.08,4.461,134.01,71,210
1,755,61.1,34.6,5.54,4.5,1,20,1.2,3.6,25,340,260,30,83,10,0,0,0,0,0.02,0.22,2.6,5.15,7.76,0.05,2.2,17,17,17,0,0,0.3,1.5,0.2,0.2,0.17,0.03,0.87,0.07,0.86,2,0.01,0.06,1.49,1.62,0.09,0.07,10.9,0,0,0,0,0,11.83,0,0.19,11.83,243.2,80,303
1,617,68.9,22.9,3.66,6.2,1.2,14,1.1,1.79,23,226,330,18.5,103,5.3,3,0,0,3,0.046,0.209,3.75,3.42,7.16,0.1,1,16,16,16,0,0.1,0.6,2.82,0.4,0.36,0.24,0.04,1.17,0.1,1.17,2.73,0.01,0.08,2.07,2.2,0.15,0.1,13.76,0,0,0,0,0,14.9,0,0.28,14.898,531.99,70,201
1,852,58.7,33.4,5.34,7.7,1,19,1.1,3.41,24,323,250,28,79,9.41,3,0,0,3,0.019,0.206,2.89,4.98,7.87,0.05,2.3,16,16,16,0,0.1,0.3,1.51,0.2,0.24,0.29,0.06,1.51,0.12,1.5,3.48,0.02,0.1,2.58,2.81,0.16,0.13,18.94,0,0,0,0,0,20.57,0,0.32,20.568,484.35,80,293
1,785,64.8,21.7,3.47,11.3,1.2,13,1,1.65,21,209,306,16.6,95,4.83,6,0,0,6,0.042,0.195,3.58,3.23,6.81,0.1,1.2,15,15,15,0,0.1,0.5,2.61,0.4,0.43,0.45,0.08,2.15,0.18,2.14,5,0.01,0.14,3.81,4.04,0.27,0.19,25.25,0,0,0,0,0,27.35,0,0.51,27.351,1006.86,69,190
1,965,55.8,32,5.12,11.4,0.9,18,1,3.19,23,304,239,25.8,75,8.73,6,0,0,6,0.017,0.189,3.22,4.78,7.99,0.06,2.3,15,15,15,0,0.2,0.3,1.51,0.3,0.28,0.44,0.08,2.26,0.18,2.24,5.2,0.02,0.16,3.86,4.2,0.24,0.19,28.3,0,0,0,0,0,30.73,0,0.48,30.729,764.77,79,281
1,528,72.7,21.9,3.5,4.2,1.1,5,1.2,2.2,27,250,340,15,53,4.3,9,0,0,9,0.13,0.2,4.2,3.26,7.46,0.09,0.7,17,17,17,0,0,0.6,3,0.4,0.4,0.08,0.01,0.7,0.05,0.51,1.36,0,0.06,1.7,1.83,0.24,0.04,14.04,12,8.12,97.56,18.97,7.58,36.05,9.77,0.48,64.787,167.82,78,192
1,763,62,28.1,4.5,7.7,1.3,5,1.2,3.7,27,290,390,17,59,2.6,8,0,0,8,0.15,0.34,5.4,4.18,9.59,0.05,2.3,17,17,17,0,0,0.3,1.5,0.2,0.2,0.18,0.03,1.44,0.08,0.99,2.73,0.01,0.14,2.84,3.1,0.46,0.13,21.86,17.21,15.3,137.18,48.67,7.97,68.2,25.39,0.93,142.263,283.68,96,246
1,776,59.9,32.2,5.15,6.2,1.6,8,0.9,3.07,26,239,275,21,43,6.01,9,0,0,9,0.057,0.176,3.71,4.79,8.51,0.07,0.6,14,14,14,0,0,0.8,3.97,0.5,0.47,0.12,0.02,1.04,0.07,0.76,2,0.01,0.09,2.5,2.7,0.35,0.06,20.65,17.65,11.94,143.48,27.89,11.15,53.01,14.37,0.71,95.275,246.79,115,282
1,578,71.4,21.6,3.45,5.7,1.1,5,1.2,2.15,26,245,333,14.6,52,4.19,9,0,0,9,0.126,0.196,4.14,3.21,7.36,0.09,0.8,16,16,16,0,0,0.6,2.94,0.4,0.42,0.14,0.02,1,0.07,0.81,2.05,0.01,0.08,2.2,2.37,0.27,0.07,17.3,11.67,7.89,94.82,18.43,7.37,38.99,9.5,0.54,66.92,312.86,78,189
1,781,61.6,28,4.47,8.3,1.3,5,1.2,3.66,27,287,387,16.8,59,2.58,8,0,0,8,0.148,0.336,5.42,4.17,9.59,0.05,2.3,17,17,17,0,0,0.3,1.5,0.2,0.21,0.21,0.04,1.56,0.09,1.11,3,0.01,0.14,3.03,3.31,0.46,0.14,23.26,17,15.12,135.48,48.06,7.87,69.17,25.08,0.95,142.31,329.11,96,245
1,794,59.4,32,5.12,6.8,1.6,8,0.9,3.04,26,237,273,20.7,43,5.94,10,0,0,10,0.056,0.174,3.75,4.78,8.52,0.07,0.6,13,13,13,0,0,0.8,3.94,0.5,0.48,0.14,0.03,1.16,0.08,0.88,2.29,0.01,0.1,2.7,2.91,0.36,0.07,22.06,17.43,11.79,141.7,27.55,11.01,54.17,14.19,0.73,95.905,292.68,114,281
2,469,74.4,24.1,3.86,1.6,1.2,6,0.8,0.54,26,240,420,27.5,46,1.55,0,0,0,0,0.84,0,9.4,4.78,14.18,0.57,0.2,57,57,57,0,0.4,0,0.4,0.2,0.2,0.02,0,0.34,0,0.18,0.54,0,0.05,0.57,0.64,0.18,0.01,1.46,5.82,7.28,49.5,0,7.28,8.74,4.37,0.27,13.104,5.82,48,281
2,656,62.6,32.5,5.2,2.8,1.2,6,0.8,0.7,29,260,450,33.5,46,2.61,0,0,0,0,1.4,0.14,8.2,6.46,14.65,0.46,0.3,8,8,8,0,0.4,0,0.4,0,0,0.04,0,0.67,0.01,0.34,1.07,0,0.07,1.03,1.13,0.28,0.02,5.1,7.64,5.1,25.48,0,0,7.64,5.1,0.36,12.74,10.19,130,380
2,643,71.2,22.7,3.63,7,1.1,6,0.8,0.54,25,228,398,25.8,44,1.46,2,0,0,2,0.79,0,8.94,4.51,13.44,0.54,0.3,53,53,53,0,0.8,0,0.81,0.2,0.21,0.07,0.01,1.52,0.02,0.8,2.43,0,0.17,2.77,3.01,0.65,0.04,1.34,26.25,6.7,50.77,0,6.7,8.04,4.02,0.79,12.056,31.47,47,265
2,825,59.8,30.6,4.9,8.2,1.2,7,0.7,0.67,27,250,427,32.4,45,2.44,1,0,0,1,1.305,0.138,7.8,6.07,13.88,0.43,0.4,8,8,8,0,0.8,0,0.85,0,0.03,0.11,0,1.98,0.04,1.07,3.22,0,0.2,3.36,3.62,0.73,0.04,4.69,32.37,4.69,28.83,0,0,7.03,4.69,0.86,11.721,36.33,123,357
2,502,74.3,22.8,3.65,3.1,1.1,6,0.8,0.84,27,230,465,18.5,59,2.4,0,0,0,0,0.74,0.27,9.2,4.52,13.73,0.44,0.5,4,4,4,0,0.4,0,0.4,0.2,0.21,0.03,0,0.64,0.01,0.33,1.02,0,0.08,1.16,1.27,0.37,0.02,0,11.28,8.46,62.06,2.82,8.46,11.28,8.46,0.51,22.568,14.1,69,266
2,647,64.4,31.3,5.01,3.1,1.5,7,0.8,1.15,30,220,465,29,90,3.75,0,0,0,0,0.94,0.26,5.5,6.22,11.72,0.35,0.7,22,22,22,0,0.4,0,0.4,0,0,0.03,0,0.64,0.01,0.33,1.02,0,0.08,1.16,1.27,0.37,0.02,0,11.28,8.46,62.06,2.82,8.46,11.28,8.46,0.51,22.568,14.1,82,366
2,433,74.3,23.1,3.7,1.1,1.4,4,0.8,0.86,26,240,390,17.5,42,1.75,0,0,0,0,1.5,0,9.7,4.59,14.29,0.73,0.3,32,32,32,0,0.4,0,0.4,0.3,0.31,0,0,0.25,0,0.12,0.38,0,0.03,0.45,0.5,0.09,0.01,0,4,1,5,0,1,1,1,0.11,2.002,5,47,270
2,566,66,28.5,4.56,2.2,1.5,4,0.8,0.98,27,270,390,28.5,44,2.4,0,0,0,0,1.5,0,10.7,5.66,16.36,0.63,0.2,44,44,44,0,0.4,0,0.4,0.1,0.11,0.01,0,0.49,0.01,0.24,0.76,0,0.07,0.91,0.99,0.18,0.02,0,8.01,2,10.01,0,2,2,2,0.23,4.004,10.01,56,333
2,2042,39.2,9.6,1.53,50.8,0.5,26,0.8,0.9,9,110,160,0,47,0.9,50,0,0,50,0.28,0.14,2.4,1.9,4.3,0.3,0.4,4,4,4,0,5.5,0,5.5,0.3,0.29,0.73,0.05,12.2,0.29,6.1,19.51,0,1.5,20.72,22.61,5.23,0.44,48.41,193.65,0,96.82,0,0,0,96.82,6.15,96.825,242.06,92,112
2,2179,34.5,11.5,1.84,53.6,0.7,28,0.8,1,11,120,190,16.8,86,0.9,46,0,0,46,0.32,0.15,3,2.28,5.28,0.29,0.9,8,8,8,0,6,0,6,0.1,0.13,0.82,0.05,12.87,0.31,6.23,20.43,0,1.64,22.02,24.06,5.57,0.51,51.08,204.32,51.08,102.16,0,0,0,102.16,6.64,102.162,255.4,90,134
2,476,74.2,19.5,3.12,3.9,1.1,16,0.8,1.2,22,200,380,12,73,3,0,0,0,0,0.74,0.3,4.2,3.88,8.07,0.63,0.5,45,45,45,0,0.4,0,0.4,0,0,0.05,0,0.89,0.01,0.46,1.42,0,0.1,1.39,1.52,0.44,0.02,7.1,3.55,10.65,67.43,0,7.1,21.29,14.2,0.6,35.49,14.2,62,228
2,680,64.1,26.3,4.21,6.3,1.1,22,0.8,1.6,24,220,410,33.5,73,4,0,0,0,0,0.75,0.32,4.1,5.22,9.32,0.55,0.7,43,43,43,0,0.4,0,0.4,0,0,0.08,0.01,1.5,0.03,0.77,2.41,0.01,0.17,2.32,2.53,0.63,0.04,11.47,17.2,11.47,57.33,0,0,17.2,11.47,0.8,28.665,22.93,83,307
2,771,62.3,25.4,4.07,9.2,1.1,22,0.8,1.56,23,214,397,32.5,74,3.81,3,0,0,3,0.724,0.31,4.03,5.05,9.08,0.53,0.7,41,41,41,0,0.7,0,0.74,0,0.01,0.12,0.01,2.19,0.05,1.1,3.5,0.01,0.26,3.52,3.84,0.93,0.07,13.87,28.54,13.87,60.05,0,0,16.16,16.96,1.16,33.119,37.02,83,297
2,785,67.3,17.5,2.81,13.2,1,18,0.8,1.14,19,182,337,9.6,68,2.58,10,0,0,10,0.649,0.268,3.84,3.49,7.32,0.56,0.5,37,37,37,0,1.4,0,1.41,0.1,0.06,0.18,0.01,3.13,0.07,1.57,5,0,0.38,5.21,5.68,1.38,0.11,15.26,41.09,8.54,73.24,0,5.7,17.09,30.52,1.69,47.604,59.2,68,205
2,988,58,23.3,3.72,16,1,23,0.8,1.48,21,199,365,30.1,76,3.36,9,0,0,9,0.662,0.285,3.87,4.62,8.49,0.5,0.7,36,36,36,0,1.5,0,1.55,0,0.03,0.23,0.02,3.83,0.09,1.89,6.1,0,0.47,6.36,6.95,1.64,0.14,19.59,55.58,19.59,66.52,0,0,13.67,30.07,2,43.739,70.61,84,272
2,447,74.4,19.6,3.13,3.1,1.1,11,0.8,1.1,21,200,370,15,75,2.7,0,0,0,0,0.66,0.27,3.8,3.88,7.68,0.63,0.3,45,45,45,0,0.4,0,0.4,0,0,0.04,0,0.71,0.01,0.36,1.13,0,0.08,1.11,1.21,0.35,0.02,5.64,2.82,8.46,53.6,0,5.64,16.93,11.28,0.48,28.21,11.28,60,228
2,658,64.8,24.8,3.96,6.4,1,15,0.8,1.6,23,220,380,33.5,76,3.7,0,0,0,0,0.67,0.34,4,4.91,8.91,0.55,0.5,43,43,43,0,0.4,0,0.4,0,0,0.08,0.01,1.53,0.03,0.79,2.45,0.01,0.17,2.36,2.58,0.64,0.04,11.65,17.47,11.65,58.24,0,0,17.47,11.65,0.82,29.12,23.3,69,289
2,748,62.9,24,3.83,9.2,1,16,0.8,1.56,22,214,369,32.5,77,3.53,3,0,0,3,0.649,0.329,3.94,4.76,8.7,0.53,0.5,41,41,41,0,0.7,0,0.73,0,0.01,0.13,0.01,2.2,0.05,1.11,3.52,0.01,0.26,3.53,3.86,0.94,0.07,14,28.63,14,60.86,0,0,16.43,17.05,1.16,33.481,37.15,70,280
2,762,67.4,17.6,2.81,12.5,1,14,0.8,1.06,19,182,329,12,69,2.34,10,0,0,10,0.585,0.244,3.52,3.49,7.01,0.56,0.3,37,37,37,0,1.4,0,1.41,0.1,0.06,0.17,0.01,2.98,0.07,1.5,4.76,0,0.36,4.98,5.43,1.31,0.1,14.08,40.49,6.79,62.13,0,4.53,13.58,28.17,1.6,41.755,56.84,66,205
2,901,59.9,22.6,3.62,14,1,17,0.8,1.5,21,204,350,30.8,78,3.25,7,0,0,7,0.614,0.31,3.84,4.49,8.33,0.51,0.6,37,37,37,0,1.3,0,1.3,0,0.02,0.2,0.01,3.34,0.07,1.66,5.32,0,0.4,5.5,6.01,1.43,0.12,17.96,47.37,17.96,65.27,0,0,14.68,26.13,1.75,40.807,60.43,72,264
2,685,69.1,21.6,3.45,8.6,1.2,4,0.8,0.8,22,216,357,17,48,2.31,4,0,0,4,0.76,0.211,5.67,4.28,9.95,0.31,0.8,32,32,32,0,1.3,0,1.28,0.2,0.21,0.13,0.01,1.94,0.04,0.92,3.05,0,0.24,3.54,3.85,0.99,0.07,0.83,40.78,4.14,47.66,0,10.64,12.3,10.64,1.2,22.94,39.95,69,252
2,926,59,31.2,4.99,10.7,1.3,6,0.8,1.37,26,221,418,29.4,54,3.29,4,0,0,4,0.818,0.299,4.08,6.19,10.27,0.28,0.8,3,3,3,0,1.5,0,1.47,0.1,0.08,0.15,0.01,2.38,0.05,1.14,3.75,0,0.3,4.33,4.73,1.26,0.09,1.84,50.51,9.21,81.87,0,15.63,19.31,15.63,1.55,34.937,48.67,84,364
2,2603,34.6,8.6,1.38,66.4,0.5,3,0.8,0.6,8,100,140,4.8,23,0.46,26,0,0,26,1.1,0.07,4.1,1.7,5.81,0.3,0.9,4,4,4,0,5.5,0,5.5,0.5,0.51,0.82,0.06,14.93,0.38,7.59,23.86,0,1.52,28.48,30.5,7.21,0.51,0,316.4,0,126.56,0,0,0,0,8.23,0,379.68,38,100
2,2191,35.2,12,1.92,53.7,0.8,4,0.8,0.66,14,100,230,23.8,36,0.58,35,0,0,35,0.52,0,3.6,2.38,5.98,0.29,1.4,8,8,8,0,6,0,6,0.4,0.43,0.66,0.05,12.08,0.31,6.14,19.29,0,1.23,23.03,24.67,5.83,0.41,0,255.88,0,102.35,0,0,0,0,6.65,0,307.06,32,140
2,466,74.6,23.5,3.76,1.8,1.3,4,0.8,0.81,25,240,382,17.1,50,1.76,0,0,0,0,1.115,0.048,10.55,4.66,15.21,0.63,0.2,45,45,45,0,0.4,0,0.4,0.2,0.15,0.02,0,0.37,0.01,0.19,0.59,0,0.05,0.62,0.69,0.23,0.01,1.64,6.55,8.6,62.65,0.41,7.78,10.24,6.14,0.34,16.791,6.55,48,274
2,589,67.8,28.8,4.6,2.7,1.4,5,0.8,0.97,27,250,409,23.1,54,2.51,0,0,0,0,1.118,0.05,7.28,5.71,12.99,0.55,0.5,43,43,43,0,0.4,0,0.4,0,0,0.02,0,0.55,0.01,0.28,0.89,0,0.07,0.93,1.04,0.34,0.01,2.46,9.83,12.9,93.98,0.61,11.67,15.36,9.21,0.51,25.184,9.83,58,336
2,487,74.2,23.3,3.73,2.4,1.3,4,0.8,0.81,25,239,380,17,49,1.75,0,0,0,0,1.115,0.048,10.49,4.62,15.12,0.63,0.2,44,44,44,0,0.4,0,0.45,0.2,0.15,0.02,0,0.51,0.01,0.26,0.82,0,0.06,0.89,0.98,0.3,0.01,1.62,9.58,8.52,63.28,0.41,7.7,10.14,6.08,0.42,16.627,10.2,48,272
2,603,67.5,28.6,4.58,3.1,1.4,5,0.8,0.97,27,249,407,23.1,54,2.5,0,0,0,0,1.113,0.05,7.24,5.68,12.92,0.55,0.5,42,42,42,0,0.4,0,0.45,0,0,0.03,0,0.65,0.01,0.34,1.05,0,0.08,1.12,1.25,0.39,0.02,2.44,12,12.78,94.05,0.61,11.57,15.22,9.13,0.57,24.962,12.44,58,334
2,2694,32.9,7.9,1.26,69.2,0.4,16,0,0.29,6,91,104,6,24,0.37,17,0,0,17,0.172,0.108,1.6,1.56,3.16,0.06,1.1,4,4,4,0,5.5,0,5.5,0.4,0.36,0.91,0,16.75,0.38,9.17,27.29,0,1.6,29.48,31.67,5.74,0.35,0,309.95,0,65.95,0,0,0,0,6.46,0,329.74,46,92
2,2765,28.4,8.8,1.4,70.7,0.6,17,0.4,0.36,9,130,159,20.4,33,0.43,17,0,0,17,0.21,0.113,3.17,1.73,4.91,0.07,1.1,8,8,8,0,6,0,6,0.4,0.35,0.93,0,17.11,0.38,9.36,27.88,0,1.63,30.12,32.36,5.86,0.36,0,316.67,0,67.38,0,0,0,0,6.6,0,336.89,41,102
2,461,73.8,23.2,3.71,1.8,1.2,11,0,0.46,26,220,426,0,52,1.29,0,0,0,0,0.755,0.145,6.82,4.61,11.43,0.34,0.2,36,36,36,0,0.4,0,0.4,0.2,0.17,0.02,0,0.39,0.01,0.2,0.62,0,0.05,0.67,0.74,0.18,0.01,0,5.73,6.55,46.36,3.6,6.55,7.37,5.73,0.27,16.708,6.55,48,271
2,687,63.2,30.6,4.9,4.5,1.4,16,0.4,0.64,24,250,400,35,58,1.8,0,0,0,0,0.857,0.148,9.25,6.07,15.33,0.3,0.2,20,20,20,0,0.4,0,0.4,0,0,0.05,0,0.98,0.02,0.5,1.56,0,0.13,1.67,1.85,0.44,0.02,0,14.33,16.38,115.89,9.01,16.38,18.43,14.33,0.66,41.77,16.38,71,357
2,573,71.7,22.4,3.59,5.2,1.2,11,0,0.45,25,214,410,0.3,51,1.24,1,0,0,1,0.726,0.143,6.56,4.45,11.02,0.33,0.2,34,34,34,0,0.7,0,0.66,0.2,0.18,0.06,0,1.21,0.02,0.65,1.96,0,0.13,2.11,2.28,0.46,0.02,0,20.94,6.22,47.34,3.42,6.22,7,5.45,0.58,15.873,22.71,48,262
2,791,61.5,29.5,4.72,7.8,1.3,16,0.4,0.63,23,244,388,34.3,57,1.73,1,0,0,1,0.825,0.146,8.95,5.87,14.81,0.28,0.3,19,19,19,0,0.7,0,0.68,0,0.02,0.09,0,1.79,0.03,0.95,2.87,0,0.2,3.09,3.37,0.71,0.04,0,29.45,15.56,113.46,8.56,15.56,17.51,13.62,0.96,39.682,32.4,70,345
2,705,69.3,21.5,3.44,9.2,1.1,11,0,0.44,24,206,391,0.7,49,1.19,2,0,0,2,0.691,0.141,6.25,4.27,10.53,0.31,0.3,33,33,33,0,1,0,0.96,0.2,0.19,0.12,0,2.18,0.05,1.18,3.54,0,0.22,3.81,4.12,0.78,0.04,0,38.96,5.84,48.5,3.21,5.84,6.57,5.11,0.94,14.883,41.85,48,251
2,930,59.1,28,4.49,12.3,1.3,16,0.4,0.61,22,236,372,33.3,55,1.64,2,0,0,2,0.781,0.144,8.54,5.58,14.11,0.27,0.3,19,19,19,0,1.1,0,1.06,0,0.04,0.15,0,2.87,0.06,1.54,4.64,0,0.3,5,5.42,1.08,0.06,0,49.76,14.46,110.2,7.95,14.46,16.27,12.65,1.36,36.875,53.94,67,328
2,843,67.5,21,3.36,13.1,1.1,5,0.8,0.53,23,198,373,23.8,42,1.37,5,0,0,5,0.731,0,8.42,4.18,12.6,0.5,0.4,49,49,49,0,1.3,0,1.28,0.2,0.2,0.14,0.01,2.89,0.04,1.52,4.6,0,0.3,5.31,5.74,1.19,0.07,1.2,49.84,6.02,52.22,0,6.02,7.23,3.62,1.39,10.845,61.09,46,246
2,1240,52.2,30.9,4.95,19.3,1.6,8,1.1,0.76,34,289,543,35,61,2.01,6,0,0,6,1.06,0,12.19,6.14,18.33,0.72,0.5,72,72,72,0,1.7,0,1.69,0.3,0.26,0.2,0.02,4.25,0.06,2.24,6.77,0,0.44,7.81,8.44,1.75,0.11,1.77,73.29,8.86,76.8,0,8.86,10.63,5.32,2.05,15.948,89.84,68,361
2,2941,30.6,5.2,0.83,77.1,0.3,4,0.8,0.16,4,91,69,3.8,27,0.22,28,0,0,28,0.19,0.1,2.4,1.04,3.43,0.05,1.1,11,11,11,0,5.5,0,5.5,0.4,0.36,1.03,0.07,17.71,0.51,9.62,29.02,0,1.76,30.71,33.06,9.4,0.66,0,367.38,0,146.95,0,0,73.48,73.48,10.8,146.952,367.38,38,61
2,2629,30.8,8.8,1.41,67,0.4,3,0.8,0.27,8,130,145,20.1,40,0.44,2,0,0,2,0.72,0.15,10,1.75,11.75,0.17,0.4,8,8,8,0,6,0,6,0.4,0.35,0.89,0.06,15.39,0.45,8.36,25.22,0,1.53,26.69,28.73,8.17,0.58,0,319.26,0,127.7,0,0,63.85,63.85,9.39,127.702,319.26,33,103
2,478,73.8,23.3,3.73,2.2,1.2,6,0.8,0.41,25,220,370,25,52,1.6,0,0,0,0,0.73,0.13,8.8,4.62,13.43,0.12,0.5,36,36,36,0,0.4,0,0.4,0.2,0.17,0.02,0,0.47,0.01,0.24,0.75,0,0.06,0.84,0.92,0.24,0.02,0,8.01,6.01,32.03,0,6.01,6.01,4,0.32,10.01,8.01,46,272
2,860,62.2,31.9,5.1,8.6,1.2,7,0.8,0.52,25,250,340,43.5,57,2.55,0,0,0,0,0.72,0.15,10,6.34,16.33,0.17,0.4,15,15,15,0,0.4,0,0.4,0,0,0.09,0,1.83,0.04,0.96,2.94,0,0.22,3.27,3.58,0.96,0.06,0,31.3,23.48,125.22,0,23.48,23.48,15.65,1.27,39.13,31.3,57,373
2,943,65.7,19.9,3.18,16.4,1,6,0.8,0.36,21,196,313,21,47,1.34,5,0,0,5,0.628,0.124,7.59,3.94,11.54,0.11,0.6,31,31,31,0,1.4,0,1.36,0.2,0.21,0.21,0.01,3.73,0.1,2.02,6.1,0,0.38,6.49,6.99,1.98,0.14,0,75.97,4.87,53.76,0,4.87,18.76,17.14,2.3,35.906,75.97,44,232
2,1093,58.1,28.9,4.62,16.3,1.1,7,0.8,0.49,23,234,314,40.4,55,2.27,0,0,0,0,0.72,0.15,10,5.73,15.73,0.17,0.4,14,14,14,0,1.1,0,1.14,0,0.05,0.2,0.01,3.62,0.09,1.93,5.87,0,0.39,6.36,6.89,1.91,0.13,0,69.23,20.39,125.54,0,20.39,28.8,22,2.34,50.795,69.23,54,337
2,2642,34.2,6.3,1.01,68.5,0.4,5,0.8,0.48,8,91,150,5.9,22,0.48,30,0,0,30,0.21,0,3.7,1.26,4.95,0.15,0.9,11,11,11,0,5.5,0,5.5,0.4,0.36,0.72,0.06,15.14,0.2,7.96,24.09,0,1.5,28.07,30.22,6.07,0.39,0,261.12,0,65.28,0,0,0,0,6.79,0,326.4,38,74
2,2307,33.1,14.9,2.38,55.5,0.8,16,0.8,0.7,18,130,340,21.4,47,0.91,24,0,0,24,0.39,0,7.3,2.96,10.26,0.15,1,11,11,11,0,6,0,6,0.4,0.35,0.58,0.05,12.27,0.16,6.45,19.52,0,1.22,22.74,24.49,4.92,0.32,0,211.57,0,52.89,0,0,0,0,5.5,0,264.46,46,174
2,469,74.4,24.1,3.86,1.6,1.2,6,0.8,0.54,26,220,420,27.5,46,1.55,0,0,0,0,0.84,0,9.4,4.78,14.18,0.57,0.2,57,57,57,0,0.4,0,0.4,0.2,0.17,0.02,0,0.34,0,0.18,0.54,0,0.05,0.57,0.64,0.18,0.01,1.46,5.82,7.28,49.5,0,7.28,8.74,4.37,0.27,13.104,5.82,48,281
2,631,65.4,29.5,4.72,3.5,1.3,6,0.8,0.63,29,250,455,33.8,52,1.85,0,0,0,0,0.82,0,6.3,5.87,12.16,0.46,0.3,8,8,8,0,0.4,0,0.4,0,0,0.04,0,0.74,0.01,0.39,1.19,0,0.11,1.25,1.4,0.38,0.02,3.18,12.74,15.92,108.29,0,15.92,19.11,9.56,0.59,28.665,12.74,63,345
2,615,71.7,22.9,3.66,6.1,1.1,6,0.8,0.54,25,211,402,26,44,1.48,2,0,0,2,0.798,0,9.02,4.56,13.57,0.54,0.3,54,54,54,0,0.7,0,0.74,0.2,0.18,0.06,0,1.33,0.02,0.7,2.12,0,0.15,2.42,2.63,0.57,0.03,1.36,22.98,6.79,50.56,0,6.79,8.15,4.07,0.71,12.223,27.37,47,268
2,891,59.1,33.2,5.31,8.8,1.7,6,0.9,0.63,35,277,497,37.8,58,2.14,2,0,0,2,0.815,0,10.53,6.6,17.12,0.58,0.4,67,67,67,0,1,0,0.97,0.2,0.22,0.09,0.01,1.93,0.02,1.02,3.08,0,0.21,3.51,3.81,0.83,0.05,1.97,33.3,9.84,73.28,0,9.84,11.81,5.9,1.02,17.715,39.66,69,388
2,724,70.9,19.5,3.12,10.6,1,8,1.1,0.93,20,170,330,13.5,58,2.2,5,0,0,5,0.72,0.16,7,3.88,10.87,0.41,0.5,9,9,9,0,0.4,0,0.4,0,0,0.15,0.01,2.43,0.05,1.31,4,0.03,0.28,4.23,4.62,1.08,0.08,0,40.28,20.14,80.56,0,20.14,20.14,20.14,1.37,40.28,70.49,54,228
2,842,63.1,25.4,4.07,11,1.1,12,1.5,1.22,22,180,350,26.2,59,3.02,2,0,0,2,0.7,0.1,10.7,5.05,15.75,0.42,0.6,10,10,10,0,0.4,0,0.4,0,0,0.16,0.01,2.53,0.05,1.36,4.17,0.03,0.29,4.41,4.82,1.12,0.08,0,41.99,21,83.98,0,21,21,21,1.43,41.99,73.48,57,297
2,1842,43.6,11.3,1.81,44.6,0.7,5,0.8,0.64,12,100,200,7.3,38,0.94,24,0,0,24,0.33,0.17,4.1,2.24,6.34,0.18,1,3,3,3,0,5.5,0,5.5,0.5,0.51,0.68,0.04,10.2,0.21,4.84,16.02,0,1.28,18.66,20.27,5.02,0.38,0,212.52,0,127.51,0,42.5,42.5,42.5,5.91,85.008,212.52,76,132
2,1961,38.4,16.3,2.61,45.5,0.9,6,0.8,1.45,22,100,345,22.8,54,1.55,19,0,0,19,0.64,0.25,2.3,3.23,5.54,0.22,1,7,7,7,0,6,0,6,0.4,0.43,0.69,0.04,10.41,0.22,4.94,16.35,0,1.3,19.04,20.68,5.12,0.39,0,216.81,0,130.08,0,43.36,43.36,43.36,6.03,86.724,216.81,65,190
2,444,74.4,23.7,3.79,1.1,1.3,4,0.8,0.83,24,240,390,19,50,2.6,0,0,0,0,0.85,0.22,6,4.71,10.71,0.34,0.7,38,38,38,0,0.4,0,0.4,0.2,0.15,0.01,0,0.22,0,0.11,0.35,0,0.03,0.38,0.43,0.16,0.01,1,5,5,31.03,0,4,6.01,4,0.22,10.01,4,68,277
2,682,63.8,34.7,5.55,2.5,1.4,6,0.8,1.35,27,250,435,31,54,3.7,0,0,0,0,0.86,0.31,4.5,6.89,11.39,0.3,0.7,2,2,2,0,0.4,0,0.4,0,0,0.02,0,0.5,0.01,0.25,0.79,0,0.07,0.87,0.97,0.35,0.02,2.28,11.38,11.38,70.52,0,9.1,13.65,9.1,0.5,22.75,9.1,89,405
2,472,73.8,23.5,3.75,2,1.3,4,0.8,0.83,24,237,386,18.8,50,2.57,0,0,0,0,0.84,0.219,5.96,4.66,10.62,0.34,0.7,37,37,37,0,0.5,0,0.5,0.2,0.16,0.02,0,0.42,0.01,0.2,0.66,0,0.05,0.75,0.82,0.25,0.02,0.98,9.16,4.9,32.96,0,4.77,6.74,4.77,0.33,11.51,8.17,68,274
2,699,63.5,34.5,5.51,3.1,1.4,6,0.8,1.35,27,248,434,30.9,54,3.67,0,0,0,0,0.857,0.309,4.47,6.85,11.31,0.3,0.7,2,2,2,0,0.5,0,0.47,0,0.01,0.03,0,0.62,0.01,0.31,0.99,0,0.08,1.11,1.23,0.42,0.02,2.24,14.05,11.23,71.3,0,9.54,14.04,9.54,0.57,23.582,11.8,89,403
2,416,74.5,22.1,3.54,1.1,1.4,4,0.8,0.88,25,240,385,10.5,48,2,0,0,0,0,1.2,0,9.7,4.39,14.09,0.68,0.2,41,41,41,0,0.4,0,0.4,0.2,0.15,0.01,0,0.21,0,0.12,0.35,0,0.02,0.34,0.39,0.18,0.01,2,4,6.01,46.05,0,6.01,8.01,5,0.26,13.013,4,46,258
2,563,66.2,29.4,4.7,1.7,1.5,5,0.8,1.1,25,250,390,23.2,51,2.9,0,0,0,0,1.2,0,10.4,5.83,16.24,0.59,0.4,25,25,25,0,0.4,0,0.4,0,0,0.01,0,0.33,0.01,0.18,0.54,0,0.04,0.53,0.6,0.27,0.01,3.09,6.19,9.28,71.16,0,9.28,12.38,7.74,0.4,20.111,6.19,62,343
2,508,73.6,25.3,4.05,2.1,1.2,5,0.8,0.84,25,240,365,16.5,50,1.7,0,0,0,0,1.1,0.07,11.5,5.03,16.52,0.71,0.2,35,35,35,0,0.4,0,0.4,0.2,0.15,0.02,0,0.44,0.01,0.22,0.7,0,0.05,0.73,0.81,0.27,0.01,1.91,7.64,9.56,64.97,0,7.64,11.47,5.73,0.39,17.199,7.64,45,296
2,627,65.7,28.6,4.58,3.8,1.4,5,0.8,0.94,26,250,380,28.8,52,2.4,0,0,0,0,1.1,0.07,5.3,5.68,10.98,0.6,0.4,27,27,27,0,0.4,0,0.4,0,0,0.04,0,0.79,0.01,0.4,1.26,0,0.1,1.32,1.46,0.48,0.02,3.46,13.83,17.29,117.57,0,13.83,20.75,10.37,0.7,31.122,13.83,57,334
2,568,72.4,24.8,3.97,4,1.2,5,0.8,0.83,25,236,359,16.2,49,1.66,1,0,0,1,1.1,0.07,11.29,4.93,16.22,0.7,0.2,34,34,34,0,0.5,0,0.55,0.2,0.16,0.04,0,0.85,0.02,0.44,1.37,0,0.1,1.53,1.66,0.47,0.03,1.86,16.54,9.28,66.75,0,7.42,11.14,5.57,0.62,16.704,18.36,45,290
2,836,59.5,36.5,5.84,5.8,1.7,5,0.9,0.97,34,312,448,23.8,65,2.45,1,0,0,1,1.132,0.103,13.28,7.24,20.53,0.75,0.3,43,43,43,0,0.7,0,0.72,0.2,0.19,0.06,0,1.26,0.03,0.64,2.01,0,0.14,2.25,2.44,0.69,0.04,2.73,24.32,13.65,98.16,0,10.92,16.38,8.19,0.91,24.565,27,66,426
2,2124,40,10.7,1.71,52.5,0.5,9,0.8,0.56,10,110,190,5.7,30,1.04,17,0,0,17,0.33,0.08,3.8,2.13,5.92,0.22,1,4,4,4,0,5.5,0,5.5,0.3,0.29,0.8,0,13.36,0.3,7.66,22.16,0,1.3,21.56,23.26,3.65,0.2,0,200.13,0,0,0,0,0,0,4.05,0,300.2,48,125
2,2076,37.6,12.2,1.95,50.5,0.6,9,0.8,0.88,14,240,280,20.7,41,1.45,5,0,0,5,0.37,0.14,4.2,2.41,6.62,0.14,1,3,3,3,0,6,0,6,0,0,0.77,0,12.85,0.29,7.36,21.32,0,1.25,20.74,22.38,3.51,0.19,0,192.51,0,0,0,0,0,0,3.9,0,288.76,46,142
2,631,73,20.6,3.3,7.6,1,4,0.8,0.78,20,220,355,13,49,2.7,0,0,0,0,0.65,0.19,9.6,4.1,13.69,0.35,0.7,12,12,12,0,0.4,0,0.4,0.3,0.27,0.1,0,1.63,0.03,0.91,2.68,0,0.19,2.9,3.15,0.8,0.06,0,27.66,13.83,82.99,0,13.83,20.75,13.83,1.04,34.58,27.66,50,241
2,964,61,30.6,4.9,12,1.2,8,0.8,1.35,25,240,430,12,57,4.6,0,0,0,0,0.52,0.28,8.1,6.07,14.18,0.24,0.9,11,11,11,0,0.4,0,0.4,0,0,0.15,0,2.58,0.04,1.44,4.23,0,0.3,4.59,4.98,1.27,0.09,0,43.68,21.84,131.04,0,21.84,32.76,21.84,1.64,54.6,43.68,74,357
2,893,67.2,18.9,3.02,15.5,0.9,5,0.8,0.74,18,201,326,11.7,46,2.41,3,0,0,3,0.594,0.171,8.58,3.74,12.33,0.33,0.7,11,11,11,0,1.3,0,1.29,0.3,0.27,0.22,0,3.68,0.08,2.09,6.09,0,0.38,6.17,6.67,1.3,0.08,0,57.85,11.41,68.47,0,11.41,17.12,11.41,1.56,28.529,75.36,50,220
2,1024,59.7,29.6,4.74,14.1,1.2,8,0.8,1.32,24,240,422,12.5,56,4.43,0,0,0,0,0.512,0.272,7.89,5.88,13.77,0.24,0.9,11,11,11,0,0.7,0,0.7,0,0,0.19,0,3.13,0.06,1.76,5.15,0,0.35,5.46,5.92,1.39,0.09,0,51.72,20.66,123.96,0,20.66,30.99,20.66,1.76,51.652,56.91,72,346
2,456,74.4,22.5,3.6,2,1.2,4,0.8,0.79,26,240,410,25,53,1.85,0,0,0,0,0.96,0.07,11,4.47,15.47,0.51,0.5,52,52,52,0,0.4,0,0.4,0.2,0.15,0.02,0,0.43,0.01,0.22,0.68,0,0.07,0.73,0.82,0.19,0.01,0,7.28,9.1,65.52,1.82,9.1,9.1,5.46,0.31,16.38,7.28,60,263
2,585,66,27.9,4.46,3,1.3,5,0.8,0.97,28,250,425,32.5,59,2.55,0,0,0,0,0.92,0.06,9,5.54,14.54,0.45,0.5,76,76,76,0,0.4,0,0.4,0,0,0.03,0,0.64,0.01,0.33,1.03,0,0.1,1.09,1.22,0.29,0.01,0,10.92,13.65,98.28,2.73,13.65,13.65,8.19,0.46,24.57,10.92,63,326
2,475,74.1,22.4,3.58,2.6,1.2,4,0.8,0.79,26,239,408,24.8,53,1.84,0,0,0,0,0.961,0.07,10.94,4.44,15.38,0.51,0.5,52,52,52,0,0.4,0,0.44,0.2,0.15,0.03,0,0.55,0.01,0.28,0.89,0,0.08,0.97,1.08,0.25,0.01,0,9.97,9.02,66.05,1.8,9.02,9.02,5.41,0.38,16.237,10.52,60,261
2,1198,60.3,18.1,2.9,24,0.9,12,0,0.4,19,177,320,2,43,0.99,6,0,0,6,0.563,0.133,5.1,3.6,8.7,0.25,0.5,25,25,25,0,2.1,0,2.08,0.2,0.23,0.31,0,5.79,0.13,3.16,9.42,0,0.56,10.18,10.94,2.01,0.12,0,106.13,4.39,52.82,2.42,4.39,4.94,3.84,2.31,11.194,113.2,47,212
2,1663,43.4,27.4,4.38,32.4,1.4,17,0,0.6,23,233,396,2.7,54,1.49,4,0,0,4,0.542,0.189,6.67,5.44,12.1,0.28,0.6,37,37,37,0,2.6,0,2.55,0.3,0.28,0.42,0,7.8,0.17,4.25,12.68,0,0.76,13.69,14.73,2.71,0.16,0,142.65,6.74,76.81,3.71,6.74,7.59,5.9,3.13,17.199,152.22,70,320
2,466,74.4,22.4,3.58,2.3,1.2,5,0.8,0.75,26,220,385,26.5,46,2.05,0,0,0,0,0.87,0.24,9.8,4.45,14.25,0.51,0.4,20,20,20,0,0.4,0,0.4,0.2,0.17,0.02,0,0.46,0.01,0.24,0.75,0,0.06,0.82,0.9,0.3,0.02,2.09,8.37,8.37,64.88,0,8.37,10.46,6.28,0.42,16.744,12.56,50,262
2,623,64.8,31.2,4.99,2.5,1.3,5,0.8,0.9,33,270,470,37.5,58,2.65,0,0,0,0,1.05,0.22,11,6.19,17.2,0.26,0.6,30,30,30,0,0.4,0,0.4,0,0,0.02,0,0.5,0.01,0.26,0.82,0,0.06,0.89,0.98,0.33,0.02,2.28,9.1,9.1,70.52,0,9.1,11.38,6.82,0.46,18.2,13.65,59,364
2,482,74.2,24,3.84,2,1.5,4,0.8,0.73,25,240,370,16.5,48,1.5,0,0,0,0,1.2,0.05,10,4.76,14.76,0.62,0.1,51,51,51,0,0.4,0,0.4,0.2,0.15,0.02,0,0.41,0.01,0.2,0.65,0,0.06,0.7,0.79,0.25,0.01,1.82,7.28,9.1,67.34,0,7.28,10.92,7.28,0.37,18.2,5.46,43,280
2,582,66.2,29.2,4.67,2.3,1.4,5,0.8,0.86,30,250,440,28.8,55,2.2,0,0,0,0,1.25,0.07,4.4,5.8,10.2,0.57,0.6,43,43,43,0,0.4,0,0.4,0,0,0.02,0,0.47,0.01,0.23,0.74,0,0.07,0.81,0.9,0.29,0.01,2.09,8.37,10.46,77.44,0,8.37,12.56,8.37,0.43,20.93,6.28,52,341
2,583,66.2,29.2,4.67,2.4,1.4,5,0.8,0.86,29,250,440,28.7,55,2.2,0,0,0,0,1.249,0.07,4.4,5.8,10.2,0.57,0.6,43,43,43,0,0.4,0,0.41,0,0,0.02,0,0.48,0.01,0.24,0.76,0,0.07,0.83,0.93,0.3,0.01,2.09,8.62,10.46,77.47,0,8.36,12.54,8.36,0.43,20.909,6.58,52,341
