Protein,Nitrogen,Beta-carotene,Beta-carotene equivalents (provitamin A),"Folate, natural",Total folates,Dietary folate equivalents,Alpha tocopherol,Vitamin E,C14,C15,C16,C17,C18,Total saturated fatty acids,,,,,,,,
12.1,1.94,13,13,10,10,10,0.7,0.7,2.67,0.38,14.69,0.72,7.22,25.68,0.96,2.61,24.29,28.42,0.96,0.31,112.25,0
15.3,2.45,13,13,12,12,12,1.3,1.3,2.23,0.34,12.4,0.61,6,21.58,0.98,2.74,23.16,27.28,0.71,0.36,111.63,0
21.9,3.5,8,8,0,0,0,0,0,0.01,0,0.12,0,0.07,0.2,0,0.02,0.2,0.23,0.04,0,8.79,0
33.8,5.41,2,2,0,0,0,0,0,0.07,0.01,0.58,0.03,0.34,1.04,0.02,0.1,0.98,1.11,0.14,0,30.78,0
21.6,3.46,8,8,0,0,0,0,0.02,0.09,0.01,0.55,0.03,0.28,0.97,0.03,0.1,0.92,1.08,0.07,0.01,11.9,0
32.9,5.26,3,3,1,1,1,0.1,0.06,0.18,0.03,1.18,0.06,0.62,2.07,0.07,0.23,2.09,2.42,0.17,0.02,34.82,0
30.7,4.9,4,4,2,2,2,0.2,0.22,0.44,0.07,2.59,0.13,1.3,4.54,0.18,0.55,4.75,5.56,0.24,0.06,44.52,0
21.3,3.41,8,8,1,1,1,0,0.04,0.17,0.02,0.99,0.05,0.5,1.73,0.06,0.18,1.65,1.92,0.09,0.02,15,0
27.6,4.41,10,10,21,21,21,0.5,0.5,0.06,0.01,0.47,0.02,0.27,0.84,0.01,0.06,0.79,0.91,0.13,0.03,6.57,4.48
31.5,5.04,12,12,25,25,25,0.7,0.7,0.07,0.01,0.55,0.03,0.31,0.98,0.02,0.11,1.16,1.36,0.15,0.03,9.11,5.22
37,5.92,10,10,18,18,18,0.5,0.54,0.08,0.01,0.63,0.03,0.36,1.12,0.02,0.08,1.05,1.22,0.18,0.04,8.78,5.99
27.3,4.37,10,10,21,21,21,0.5,0.5,0.1,0.02,0.7,0.03,0.39,1.24,0.03,0.1,1.17,1.36,0.14,0.04,8.29,4.4
31.3,5.01,12,12,25,25,25,0.7,0.71,0.1,0.02,0.69,0.03,0.38,1.21,0.03,0.14,1.42,1.66,0.15,0.04,10.28,5.16
36.7,5.88,10,10,18,18,18,0.5,0.55,0.11,0.02,0.76,0.04,0.43,1.36,0.03,0.12,1.3,1.52,0.18,0.04,9.96,5.92
22.2,3.55,10,10,21,21,21,0.5,0.5,0.1,0.01,0.51,0.02,0.28,0.92,0.02,0.08,0.85,1.01,0.13,0.04,7.53,4.86
31.9,5.1,12,12,25,25,25,0.7,0.7,0.06,0.01,0.52,0.03,0.34,0.97,0.01,0.08,1.13,1.28,0.16,0.01,8.9,6
30.6,4.9,10,10,19,19,19,0.6,0.55,0.14,0.02,0.71,0.03,0.38,1.28,0.03,0.11,1.18,1.39,0.18,0.06,10.38,6.7
21.6,3.45,10,10,20,20,20,0.5,0.51,0.26,0.04,1.39,0.06,0.71,2.46,0.08,0.24,2.31,2.71,0.18,0.06,14.02,4.56
31,4.96,12,12,24,24,24,0.7,0.73,0.18,0.03,1.16,0.06,0.65,2.09,0.06,0.22,2.33,2.69,0.19,0.03,14.49,5.68
29.8,4.77,10,10,18,18,18,0.6,0.6,0.25,0.03,1.34,0.06,0.69,2.38,0.08,0.26,2.37,2.8,0.21,0.08,15.89,6.34
21,3.36,10,10,20,20,20,0.5,0.52,0.4,0.06,2.17,0.1,1.09,3.81,0.13,0.38,3.59,4.21,0.23,0.08,19.75,4.29
30.5,4.88,12,12,24,24,24,0.8,0.75,0.25,0.04,1.53,0.08,0.82,2.72,0.09,0.31,3,3.48,0.21,0.04,17.62,5.49
29.3,4.69,11,11,18,18,18,0.6,0.62,0.32,0.04,1.7,0.08,0.86,3,0.11,0.34,3.04,3.59,0.23,0.09,18.98,6.13
22.6,3.62,10,10,21,21,21,0.5,0.5,0.12,0.01,0.59,0.02,0.32,1.07,0.03,0.09,0.98,1.16,0.15,0.05,8.68,5.61
31.8,5.09,11,11,22,22,22,0.6,0.63,0.19,0.03,1.3,0.08,0.82,2.41,0.04,0.2,2.66,3.03,0.39,0.05,21.45,14.32
21.8,3.49,10,10,20,20,20,0.5,0.52,0.31,0.04,1.66,0.08,0.84,2.94,0.1,0.28,2.75,3.23,0.21,0.07,16.54,5.17
30.7,4.91,11,11,21,21,21,0.7,0.67,0.32,0.05,2.04,0.11,1.16,3.68,0.1,0.37,4.02,4.64,0.4,0.07,27.37,13.26
21.3,3.42,10,10,20,20,20,0.5,0.53,0.42,0.06,2.27,0.11,1.14,4,0.14,0.39,3.76,4.41,0.25,0.08,21.02,4.94
30.3,4.84,11,11,21,21,21,0.7,0.69,0.38,0.06,2.32,0.12,1.29,4.17,0.12,0.44,4.54,5.25,0.41,0.08,29.69,12.94
23,3.68,10,10,21,21,21,0.5,0.5,0.13,0.02,0.67,0.03,0.36,1.21,0.03,0.11,1.12,1.32,0.17,0.06,9.84,6.35
33,5.28,12,12,25,25,25,0.7,0.7,0.23,0.04,1.89,0.12,1.25,3.54,0.04,0.29,4.14,4.66,0.59,0.04,32.53,21.94
22,3.52,10,10,20,20,20,0.5,0.52,0.36,0.05,1.93,0.09,0.98,3.42,0.11,0.33,3.2,3.76,0.24,0.08,19.06,5.78
31.6,5.05,12,12,24,24,24,0.7,0.75,0.39,0.06,2.73,0.16,1.63,4.98,0.12,0.49,5.66,6.47,0.6,0.07,38.86,20.19
21.7,3.47,10,10,20,20,20,0.5,0.53,0.44,0.06,2.38,0.11,1.2,4.19,0.14,0.41,3.93,4.61,0.27,0.09,22.3,5.58
31.2,5,12,12,24,24,24,0.8,0.76,0.43,0.07,2.94,0.17,1.72,5.34,0.14,0.54,6.03,6.92,0.6,0.08,40.4,19.76
27.9,4.46,10,10,21,21,21,0.5,0.5,0.07,0.01,0.54,0.03,0.31,0.96,0.02,0.07,0.9,1.05,0.15,0.04,7.54,5.14
32.1,5.14,12,12,25,25,25,0.7,0.7,0.07,0.01,0.53,0.03,0.29,0.93,0.02,0.1,1.11,1.29,0.14,0.03,8.66,4.97
36.5,5.84,10,10,18,18,18,0.5,0.52,0.09,0.01,0.71,0.03,0.41,1.26,0.02,0.09,1.18,1.37,0.2,0.05,9.86,6.72
27.6,4.41,10,10,21,21,21,0.5,0.51,0.13,0.02,0.83,0.04,0.46,1.48,0.04,0.12,1.39,1.62,0.17,0.04,9.72,5.04
31.8,5.1,12,12,25,25,25,0.7,0.71,0.1,0.02,0.7,0.04,0.38,1.24,0.04,0.14,1.44,1.68,0.15,0.04,10.19,4.89
36.2,5.78,10,10,18,18,18,0.5,0.54,0.13,0.02,0.88,0.04,0.49,1.56,0.04,0.13,1.51,1.75,0.2,0.05,11.38,6.62
22.2,3.55,10,10,21,21,21,0.9,0.9,0.16,0.02,1.1,0.06,0.61,1.95,0.04,0.16,1.78,2.07,0.26,0.05,13.67,6.1
31.9,5.1,12,12,25,25,25,0.7,0.7,0.14,0.02,1.02,0.05,0.56,1.8,0.04,0.2,2.15,2.49,0.26,0.04,16.93,9.07
21.7,3.47,10,10,20,20,20,0.9,0.89,0.29,0.04,1.78,0.09,0.94,3.14,0.09,0.28,2.91,3.39,0.29,0.07,18.6,5.79
31.5,5.04,12,12,25,25,25,0.7,0.72,0.19,0.03,1.29,0.07,0.69,2.27,0.06,0.26,2.65,3.08,0.27,0.05,19.18,8.85
21.5,3.43,10,10,20,20,20,0.9,0.88,0.34,0.05,2.1,0.1,1.1,3.7,0.11,0.34,3.44,4.01,0.31,0.07,20.92,5.65
30.8,4.93,12,12,24,24,24,0.7,0.74,0.28,0.04,1.77,0.09,0.92,3.1,0.1,0.36,3.53,4.12,0.28,0.06,23.17,8.47
22.9,3.66,0,0,21,21,21,0,0,0.12,0.02,0.94,0.05,0.62,1.76,0.02,0.14,1.47,1.66,0.1,0.03,0,0
32.3,5.17,35,35,25,25,25,0,0,0.18,0.04,1.84,0.11,1.36,3.55,0.04,0.25,2.9,3.27,0.15,0.04,0,0
28.6,4.58,0,0,17,17,17,0,0,0.14,0.03,1.17,0.07,0.78,2.2,0.03,0.18,1.84,2.07,0.12,0.03,0,0
22.4,3.58,0,0,21,21,21,0,0,0.28,0.05,2.02,0.13,1.34,3.83,0.06,0.34,3.34,3.8,0.17,0.04,0,0
29.5,4.72,35,35,25,25,25,0,0,0.48,0.09,3.96,0.25,2.73,7.52,0.11,0.59,5.95,6.81,0.23,0.05,0,0
22.5,3.6,0,0,10,10,10,0,0,0.35,0.07,2.49,0.15,1.65,4.74,0.07,0.39,3.73,4.26,0.17,0.06,0,0
27.6,4.42,0,0,12,12,12,0,0,0.39,0.08,3.22,0.2,2.09,5.99,0.08,0.47,5.08,5.77,0.16,0.04,0,0
23,3.68,10,10,21,21,21,0.9,0.9,0.11,0.02,0.79,0.04,0.42,1.38,0.03,0.11,1.3,1.5,0.16,0.02,8.92,6.62
29.8,4.77,12,12,25,25,25,0.7,0.7,0.06,0.01,0.72,0.03,0.33,1.16,0.03,0.19,1.69,2.01,0.23,0.04,14.04,7.85
22.8,3.65,10,10,21,21,21,0.9,0.89,0.16,0.02,1.05,0.05,0.55,1.84,0.05,0.16,1.74,2,0.18,0.02,10.86,6.51
29.4,4.7,12,12,25,25,25,0.7,0.72,0.13,0.02,1.07,0.05,0.5,1.78,0.06,0.27,2.34,2.76,0.24,0.04,16.97,7.63
22.1,3.53,10,10,20,20,20,0.9,0.88,0.33,0.05,2,0.1,1.01,3.5,0.11,0.33,3.3,3.84,0.23,0.04,17.92,6.06
28.6,4.58,12,12,24,24,24,0.7,0.75,0.24,0.04,1.66,0.08,0.79,2.81,0.11,0.4,3.42,4.04,0.27,0.06,21.9,7.22
21,3.36,10,10,21,21,21,0.9,0.9,0.02,0,0.31,0.02,0.22,0.58,0,0.03,0.56,0.63,0.12,0.03,5.03,2.62
31.8,5.09,12,12,25,25,25,0.2,0.2,0.07,0.01,0.4,0.01,0.2,0.69,0.02,0.07,0.72,0.86,0.06,0.03,5.28,2.91
20.5,3.29,10,10,20,20,20,0.9,0.89,0.16,0.02,1.05,0.05,0.58,1.86,0.05,0.16,1.77,2.05,0.17,0.04,10.5,2.48
31.4,5.02,12,12,25,25,25,0.2,0.23,0.12,0.02,0.69,0.03,0.34,1.2,0.04,0.14,1.28,1.51,0.07,0.04,7.89,2.84
20.4,3.26,10,10,20,20,20,0.9,0.89,0.22,0.03,1.35,0.06,0.72,2.38,0.07,0.22,2.26,2.63,0.18,0.05,12.75,2.43
31,4.96,12,12,24,24,24,0.3,0.25,0.17,0.02,0.98,0.04,0.48,1.69,0.06,0.2,1.81,2.13,0.09,0.04,10.4,2.77
20.4,3.26,10,10,21,21,21,0.9,0.9,0.07,0.01,0.56,0.02,0.34,1,0.02,0.08,0.94,1.1,0.14,0.05,7.75,3.69
32,5.12,12,12,25,25,25,0.2,0.2,0.12,0.02,0.81,0.04,0.5,1.5,0.04,0.14,1.66,1.94,0.23,0.06,12.76,6.73
20,3.2,10,10,20,20,20,0.9,0.89,0.19,0.03,1.22,0.06,0.66,2.16,0.06,0.2,2.03,2.38,0.18,0.06,12.66,3.52
31,4.96,12,12,24,24,24,0.3,0.26,0.24,0.04,1.49,0.08,0.82,2.67,0.09,0.29,2.92,3.42,0.26,0.08,18.54,6.34
18.9,3.02,11,11,19,19,19,0.9,0.87,0.54,0.08,3.1,0.15,1.58,5.44,0.19,0.53,5.14,6.01,0.29,0.1,26.56,3.03
29.9,4.79,12,12,23,23,23,0.3,0.34,0.38,0.06,2.26,0.11,1.19,4,0.15,0.46,4.34,5.1,0.29,0.1,25.09,5.89
23.8,3.81,10,10,21,21,21,0.9,0.9,0.09,0.01,0.59,0.03,0.33,1.05,0.02,0.08,0.96,1.12,0.14,0.03,7.36,3.28
31.9,5.1,12,12,25,25,25,0.7,0.7,0.11,0.02,0.83,0.04,0.46,1.46,0.03,0.16,1.74,2.02,0.21,0.03,13.73,7.35
22.2,3.56,10,10,21,21,21,0.9,0.9,0.06,0.01,0.48,0.02,0.28,0.86,0.02,0.07,0.79,0.93,0.12,0.04,6.37,2.96
31.2,5,12,12,25,25,25,0.4,0.45,0.11,0.02,0.76,0.04,0.45,1.37,0.03,0.14,1.57,1.83,0.2,0.04,12.23,6.5
21.7,3.47,10,10,20,20,20,0.9,0.89,0.2,0.03,1.24,0.06,0.65,2.18,0.07,0.2,2.05,2.4,0.16,0.05,12.03,2.81
30.4,4.86,12,12,24,24,24,0.5,0.5,0.22,0.04,1.4,0.07,0.75,2.49,0.08,0.28,2.77,3.24,0.23,0.06,17.73,6.14
20.2,3.22,11,11,19,19,19,0.9,0.86,0.59,0.08,3.36,0.16,1.69,5.89,0.21,0.58,5.56,6.5,0.29,0.09,27.85,2.38
28.6,4.58,12,12,23,23,23,0.6,0.58,0.46,0.07,2.71,0.14,1.38,4.76,0.19,0.57,5.19,6.09,0.29,0.1,28.88,5.42
22.4,3.58,10,10,20,20,20,0.9,0.88,0.4,0.06,2.33,0.12,1.18,4.09,0.14,0.4,3.84,4.49,0.24,0.06,20.32,2.88
30.3,4.85,12,12,24,24,24,0.8,0.76,0.32,0.05,1.94,0.1,0.99,3.4,0.12,0.41,3.8,4.45,0.26,0.07,23.16,6.64
21.6,3.45,11,11,19,19,19,0.9,0.86,0.58,0.08,3.27,0.16,1.64,5.74,0.2,0.56,5.4,6.31,0.3,0.08,27.31,2.66
29.4,4.7,12,12,23,23,23,0.8,0.79,0.44,0.07,2.6,0.13,1.3,4.53,0.18,0.55,5.01,5.88,0.28,0.08,28.68,6.23
24.1,3.86,10,10,21,21,21,0.9,0.9,0.06,0.01,0.48,0.03,0.26,0.83,0.01,0.06,0.79,0.9,0.13,0.01,6.19,5.86
26.9,4.3,12,12,25,25,25,0.7,0.7,0.09,0.02,0.96,0.04,0.44,1.55,0.04,0.25,2.26,2.67,0.3,0.05,18.72,10.46
23.7,3.79,10,10,21,21,21,0.9,0.89,0.15,0.02,1,0.05,0.52,1.75,0.05,0.15,1.65,1.91,0.16,0.02,10.09,5.64
26.6,4.26,12,12,25,25,25,0.7,0.71,0.14,0.03,1.23,0.06,0.58,2.03,0.07,0.31,2.75,3.26,0.32,0.05,20.92,10.22
22.8,3.65,10,10,20,20,20,0.9,0.88,0.34,0.05,2.02,0.1,1.02,3.54,0.12,0.34,3.34,3.89,0.22,0.04,17.73,5.22
26,4.16,12,12,24,24,24,0.7,0.75,0.26,0.04,1.88,0.09,0.89,3.16,0.12,0.45,3.93,4.64,0.34,0.07,26.16,9.63
24.1,3.86,10,10,21,21,21,0.9,0.9,0.06,0.01,0.4,0.02,0.22,0.71,0.02,0.06,0.65,0.76,0.09,0.02,5,2.23
30.5,4.88,12,12,25,25,25,0.7,0.7,0.1,0.02,0.71,0.04,0.39,1.24,0.03,0.14,1.48,1.72,0.18,0.03,11.7,6.26
23.4,3.74,10,10,20,20,20,0.9,0.89,0.21,0.03,1.26,0.06,0.64,2.21,0.07,0.21,2.06,2.41,0.15,0.04,11.41,2.1
29.7,4.75,12,12,24,24,24,0.7,0.73,0.21,0.03,1.32,0.07,0.68,2.31,0.08,0.27,2.62,3.06,0.2,0.05,16.92,5.94
21.4,3.42,11,11,19,19,19,0.9,0.86,0.65,0.09,3.62,0.18,1.8,6.33,0.23,0.63,5.97,6.98,0.29,0.08,29.14,1.73
27.3,4.37,12,12,22,22,22,0.8,0.83,0.54,0.08,3.16,0.16,1.56,5.51,0.23,0.68,6.03,7.08,0.29,0.1,32.67,4.95
27.2,4.35,10,10,21,21,21,0.5,0.5,0.05,0.01,0.4,0.02,0.23,0.71,0.01,0.05,0.67,0.78,0.11,0.03,5.59,3.81
30.9,4.94,12,12,25,25,25,0.7,0.7,0.08,0.01,0.58,0.03,0.32,1.02,0.02,0.11,1.22,1.43,0.15,0.03,9.56,5.48
37.5,6,10,10,19,19,19,0.6,0.55,0.07,0.01,0.55,0.03,0.32,0.98,0.02,0.07,0.92,1.07,0.15,0.04,7.71,5.26
27,4.32,10,10,21,21,21,0.5,0.5,0.08,0.01,0.57,0.03,0.32,1.01,0.02,0.08,0.95,1.1,0.12,0.03,6.86,3.77
30.8,4.92,12,12,25,25,25,0.7,0.71,0.09,0.02,0.68,0.03,0.37,1.19,0.03,0.13,1.4,1.63,0.16,0.04,10.37,5.44
37.3,5.98,10,10,19,19,19,0.6,0.56,0.09,0.01,0.65,0.03,0.36,1.15,0.02,0.1,1.1,1.28,0.16,0.04,8.54,5.22
23.3,3.73,10,10,21,21,21,0.7,0.7,0.08,0.01,0.46,0.02,0.25,0.83,0.02,0.07,0.76,0.9,0.12,0.03,6.34,3.58
30.6,4.89,12,12,25,25,25,0.7,0.7,0.08,0.01,0.61,0.04,0.37,1.11,0.02,0.11,1.31,1.5,0.17,0.02,10.31,6.14
22.2,3.55,10,10,20,20,20,0.7,0.7,0.32,0.04,1.8,0.09,0.91,3.17,0.11,0.31,2.98,3.49,0.2,0.06,16.34,3.28
29.3,4.68,12,12,24,24,24,0.8,0.75,0.27,0.04,1.63,0.08,0.85,2.88,0.1,0.34,3.2,3.73,0.22,0.05,19.04,5.61
21.2,3.39,11,11,19,19,19,0.7,0.69,0.56,0.08,3.09,0.15,1.54,5.42,0.19,0.54,5.1,5.97,0.27,0.08,25.93,3
28.4,4.55,12,12,23,23,23,0.8,0.79,0.39,0.06,2.32,0.12,1.18,4.08,0.16,0.49,4.48,5.24,0.25,0.07,24.98,5.24
24.4,3.9,10,10,21,21,21,0.9,0.9,0.06,0.01,0.41,0.02,0.23,0.74,0.02,0.06,0.67,0.78,0.1,0.02,5.15,2.3
29.2,4.67,12,12,25,25,25,0.7,0.7,0.1,0.02,0.71,0.04,0.39,1.25,0.03,0.14,1.49,1.72,0.18,0.03,11.73,6.28
22.8,3.66,10,10,20,20,20,0.9,0.88,0.39,0.06,2.21,0.11,1.11,3.88,0.14,0.38,3.65,4.27,0.21,0.06,18.66,2.01
27.5,4.41,12,12,23,23,23,0.8,0.77,0.35,0.05,2.1,0.1,1.06,3.66,0.14,0.44,4.06,4.76,0.24,0.07,23.59,5.54
21.3,3.41,11,11,18,18,18,0.8,0.85,0.72,0.1,4.01,0.2,1.99,7.02,0.25,0.7,6.62,7.74,0.31,0.09,32.12,1.72
26.3,4.21,12,12,22,22,22,0.8,0.82,0.54,0.08,3.12,0.16,1.55,5.44,0.22,0.67,5.96,7,0.29,0.1,32.34,4.98
22.3,3.57,10,10,21,21,21,0.9,0.9,0.07,0.01,0.62,0.03,0.34,1.09,0.02,0.08,1.03,1.17,0.17,0.02,8.08,7.64
32.7,5.23,12,12,25,25,25,0.7,0.7,0.04,0.01,0.48,0.02,0.22,0.78,0.02,0.13,1.13,1.34,0.15,0.02,9.36,5.23
22,3.51,10,10,21,21,21,0.9,0.89,0.16,0.02,1.1,0.06,0.58,1.93,0.05,0.16,1.82,2.1,0.2,0.02,11.64,7.38
32.1,5.13,12,12,25,25,25,0.7,0.72,0.12,0.02,0.91,0.04,0.43,1.52,0.06,0.22,1.92,2.27,0.17,0.04,13.02,5.04
21.3,3.41,10,10,20,20,20,0.9,0.88,0.32,0.05,1.98,0.1,1.01,3.45,0.11,0.32,3.26,3.79,0.24,0.04,18.1,6.9
31.3,5.01,12,12,24,24,24,0.7,0.75,0.22,0.04,1.44,0.07,0.69,2.46,0.1,0.34,2.91,3.43,0.2,0.05,17.62,4.81
10.8,1.73,0,0,4,4,4,1.1,1.1,2.29,0.42,11.07,0.93,11.03,25.75,0.07,0.71,19.58,20.8,1.39,0.99,129.91,0
16.2,2.59,0,0,4,4,4,0.8,0.8,2.08,0.4,10.72,0.88,10.63,24.72,0.12,0.74,18.36,19.94,1.12,0.9,134.52,0
25.6,4.09,0,0,17,17,17,0.4,0.45,0.09,0.02,0.81,0.05,0.63,1.6,0,0.06,1.85,1.99,0.22,0.04,13.97,13.63
32,5.11,0,0,17,17,17,0.2,0.2,0.22,0.04,1.77,0.1,1.35,3.48,0.01,0.14,3.51,3.82,0.52,0.18,26.57,21.03
23.9,3.82,0,0,15,15,15,0.5,0.53,0.35,0.06,2,0.15,1.84,4.39,0.01,0.14,3.9,4.17,0.36,0.15,27.38,12.06
30.2,4.83,0,0,15,15,15,0.3,0.27,0.42,0.08,2.72,0.18,2.34,5.74,0.02,0.21,5.08,5.52,0.58,0.26,38,18.74
20.8,3.33,0,0,13,13,13,0.6,0.65,0.77,0.14,3.96,0.32,3.83,9.02,0.02,0.26,7.3,7.78,0.58,0.34,49.69,9.36
28.4,4.55,0,0,14,14,14,0.3,0.34,0.64,0.12,3.77,0.28,3.43,8.23,0.04,0.28,6.83,7.42,0.65,0.34,50.7,16.32
22.5,3.6,0,0,17,17,17,0.4,0.4,0.08,0.01,0.72,0.05,0.53,1.4,0,0.06,1.74,1.88,0.24,0.04,14.38,12.29
34.1,5.46,0,0,17,17,17,0.2,0.2,0.24,0.04,1.91,0.1,1.31,3.62,0.02,0.18,3.76,4.11,0.6,0.18,28.96,22.8
21.1,3.38,0,0,15,15,15,0.5,0.48,0.35,0.06,1.95,0.15,1.78,4.29,0.01,0.14,3.86,4.13,0.38,0.16,28.13,10.83
31.7,5.07,0,0,15,15,15,0.3,0.28,0.49,0.09,3.1,0.2,2.57,6.46,0.03,0.26,5.72,6.24,0.67,0.28,43.19,19.72
19.6,3.14,0,0,14,14,14,0.6,0.57,0.63,0.11,3.29,0.27,3.13,7.43,0.02,0.22,6.16,6.57,0.52,0.28,43.02,9.24
30,4.81,0,0,14,14,14,0.3,0.34,0.66,0.13,3.91,0.28,3.42,8.4,0.04,0.31,7.07,7.7,0.72,0.34,52.9,17.63
21.3,3.41,0,0,17,17,17,0.4,0.4,0.12,0.02,0.94,0.05,0.68,1.82,0,0.07,1.93,2.08,0.3,0.1,15.53,11.15
31.3,5.01,0,0,17,17,17,0.2,0.2,0.18,0.03,1.14,0.08,1.02,2.45,0.01,0.08,2.36,2.54,0.26,0.12,19.59,11.67
32.2,5.15,0,0,14,14,14,0.5,0.47,0.12,0.02,1.04,0.07,0.76,2,0.01,0.09,2.5,2.7,0.35,0.06,20.65,17.65
21.1,3.38,0,0,16,16,16,0.4,0.41,0.16,0.03,1.13,0.07,0.88,2.27,0.01,0.08,2.26,2.44,0.32,0.12,17.71,10.93
31,4.95,0,0,16,16,16,0.2,0.22,0.22,0.04,1.35,0.1,1.24,2.95,0.01,0.1,2.71,2.92,0.27,0.14,22.16,11.41
31.8,5.1,0,0,13,13,13,0.5,0.48,0.16,0.03,1.25,0.09,0.98,2.51,0.01,0.1,2.86,3.08,0.36,0.08,23.2,17.26
21.6,3.46,0,0,17,17,17,0.4,0.4,0.1,0.02,0.82,0.05,0.6,1.59,0,0.06,1.82,1.96,0.27,0.07,14.78,11.58
29.7,4.75,0,0,17,17,17,0.2,0.2,0.18,0.03,1.29,0.08,1.01,2.59,0.01,0.11,2.6,2.82,0.36,0.13,20.73,14.44
32.2,5.15,0,0,14,14,14,0.5,0.47,0.12,0.02,1.04,0.07,0.76,2,0.01,0.09,2.5,2.7,0.35,0.06,20.65,17.65
21.3,3.42,0,0,16,16,16,0.4,0.42,0.15,0.03,1.06,0.07,0.84,2.16,0.01,0.08,2.23,2.4,0.29,0.1,17.51,11.3
29.5,4.71,0,0,16,16,16,0.2,0.21,0.22,0.04,1.46,0.09,1.17,2.98,0.01,0.12,2.87,3.12,0.37,0.14,22.71,14.2
31.9,5.11,0,0,13,13,13,0.5,0.48,0.16,0.03,1.21,0.08,0.93,2.4,0.01,0.1,2.78,3,0.36,0.08,22.63,17.34
29.6,4.74,0,0,17,17,17,0.2,0.2,0.15,0.03,0.95,0.06,0.85,2.04,0.01,0.07,1.96,2.11,0.21,0.1,16.27,9.7
17.3,2.77,0,0,15,15,15,0.6,0.58,0.37,0.07,2.04,0.15,1.85,4.48,0.01,0.14,3.8,4.07,0.39,0.2,27.23,8.08
28.3,4.52,0,0,15,15,15,0.3,0.26,0.34,0.07,1.93,0.15,1.83,4.32,0.02,0.14,3.61,3.9,0.3,0.18,28.18,8.72
16.5,2.64,0,0,14,14,14,0.6,0.64,0.61,0.11,3.14,0.25,2.98,7.09,0.02,0.21,5.74,6.12,0.51,0.3,39.8,7.09
26.2,4.19,0,0,13,13,13,0.4,0.35,0.64,0.12,3.42,0.27,3.32,7.78,0.03,0.24,6.11,6.62,0.44,0.3,46.19,7.24
20.5,3.28,0,0,17,17,17,0.5,0.5,0.14,0.02,1.02,0.06,0.75,1.99,0.01,0.08,2.11,2.28,0.33,0.12,17.02,12.22
28,4.48,0,0,17,17,17,0.2,0.2,0.31,0.06,2,0.14,1.79,4.3,0.01,0.15,4.13,4.45,0.45,0.21,34.36,20.47
18.2,2.92,0,0,14,14,14,0.6,0.64,0.64,0.12,3.38,0.26,3.16,7.57,0.02,0.22,6.21,6.63,0.58,0.32,43.52,9.35
26.2,4.19,0,0,15,15,15,0.3,0.3,0.59,0.11,3.36,0.25,3.17,7.48,0.03,0.24,6.34,6.86,0.55,0.32,49.94,17.28
17.4,2.78,0,0,13,13,13,0.7,0.7,0.83,0.15,4.26,0.34,4.07,9.65,0.03,0.28,7.75,8.26,0.67,0.4,53.43,8.28
25.6,4.1,0,0,14,14,14,0.3,0.32,0.67,0.13,3.77,0.28,3.59,8.44,0.04,0.27,7.02,7.59,0.58,0.35,54.69,16.31
20.9,3.34,0,0,17,17,17,0.5,0.51,0.12,0.02,1.11,0.06,0.92,2.24,0,0.08,2.43,2.61,0.26,0.05,16.81,18.57
30.5,4.88,0,0,17,17,17,0.2,0.2,0.18,0.03,1.54,0.1,1.31,3.16,0.01,0.1,3.08,3.33,0.4,0.18,22.84,18.2
19.1,3.06,0,0,14,14,14,0.6,0.61,0.51,0.09,2.87,0.22,2.7,6.39,0.02,0.19,5.46,5.82,0.46,0.22,36.77,15.29
27.8,4.44,0,0,14,14,14,0.3,0.32,0.54,0.1,3.29,0.25,3.09,7.28,0.03,0.22,5.99,6.5,0.54,0.32,44.15,14.72
18.6,2.98,0,0,14,14,14,0.6,0.64,0.62,0.11,3.36,0.26,3.21,7.56,0.02,0.22,6.32,6.73,0.51,0.27,42.43,14.36
27.2,4.35,0,0,14,14,14,0.3,0.34,0.62,0.12,3.65,0.28,3.46,8.13,0.03,0.25,6.6,7.16,0.57,0.35,48.58,14
21.1,3.38,0,0,17,17,17,0.4,0.4,0.06,0.01,0.54,0.04,0.39,1.04,0,0.05,1.3,1.4,0.18,0.03,10.7,9.14
30.6,4.9,0,0,17,17,17,0.2,0.2,0.14,0.03,1.12,0.06,0.77,2.13,0.01,0.11,2.21,2.42,0.36,0.1,17.04,13.41
20.4,3.26,0,0,16,16,16,0.4,0.45,0.22,0.04,1.26,0.1,1.13,2.74,0.01,0.09,2.56,2.74,0.26,0.1,18.92,8.51
29.7,4.75,0,0,16,16,16,0.2,0.24,0.27,0.05,1.75,0.11,1.41,3.6,0.02,0.15,3.26,3.56,0.4,0.16,24.69,12.54
19.4,3.1,0,0,15,15,15,0.5,0.52,0.44,0.08,2.31,0.19,2.18,5.19,0.02,0.16,4.37,4.66,0.38,0.19,30.73,7.61
28.5,4.57,0,0,15,15,15,0.3,0.29,0.42,0.08,2.5,0.18,2.18,5.37,0.02,0.2,4.52,4.93,0.46,0.22,33.88,11.49
28.6,4.58,0,0,17,17,17,0.5,0.51,0.1,0.02,0.89,0.05,0.74,1.8,0,0.06,1.96,2.1,0.21,0.04,13.56,14.98
29.8,4.77,0,0,17,17,17,0.2,0.2,0.19,0.04,1.63,0.1,1.39,3.35,0.01,0.11,3.26,3.52,0.43,0.19,24.17,19.26
26.6,4.26,0,0,15,15,15,0.6,0.57,0.35,0.06,2.04,0.15,1.9,4.49,0.01,0.14,3.94,4.2,0.34,0.15,26.64,13.29
28.7,4.6,0,0,16,16,16,0.2,0.25,0.34,0.06,2.34,0.16,2.11,5.02,0.02,0.16,4.44,4.8,0.48,0.25,32.8,17.75
22.1,3.53,0,0,12,12,12,0.7,0.72,0.91,0.16,4.64,0.38,4.53,10.61,0.03,0.3,8.45,8.98,0.64,0.39,56.37,9.47
26.8,4.29,0,0,14,14,14,0.3,0.33,0.61,0.12,3.63,0.27,3.43,8.06,0.03,0.24,6.59,7.14,0.58,0.35,48.5,15.01
20.4,3.26,0,0,17,17,17,0.7,0.74,0.14,0.02,1.2,0.08,0.88,2.32,0.01,0.1,2.9,3.12,0.4,0.07,23.93,20.45
24.4,3.9,0,0,0,0,0,0.4,0.43,0.21,0.04,1.65,0.09,1.13,3.12,0.01,0.16,3.24,3.55,0.52,0.15,25.03,19.7
27.8,4.45,0,0,17,17,17,0.3,0.3,0.13,0.02,1.05,0.06,0.72,1.98,0.01,0.1,2.06,2.26,0.33,0.1,15.9,12.52
27.1,4.33,0,0,16,16,16,0.3,0.33,0.26,0.05,1.66,0.11,1.34,3.42,0.02,0.14,3.09,3.37,0.38,0.15,23.38,11.73
26.5,4.24,0,0,15,15,15,0.4,0.36,0.35,0.07,2.14,0.15,1.84,4.56,0.02,0.17,3.9,4.26,0.42,0.19,29.32,11.1
21.5,3.44,0,0,17,17,17,0.4,0.4,0.08,0.01,0.66,0.04,0.48,1.28,0,0.06,1.6,1.72,0.22,0.04,13.21,11.29
29.2,4.67,0,0,17,17,17,0.2,0.25,0.14,0.03,1.09,0.06,0.74,2.06,0.01,0.1,2.14,2.34,0.34,0.1,16.47,12.96
20.8,3.32,0,0,16,16,16,0.4,0.45,0.23,0.04,1.36,0.1,1.19,2.93,0.01,0.1,2.81,3.01,0.3,0.1,21.06,10.53
28.4,4.54,0,0,16,16,16,0.3,0.29,0.26,0.05,1.7,0.11,1.38,3.51,0.02,0.14,3.18,3.46,0.39,0.15,24.03,12.13
19.9,3.18,0,0,15,15,15,0.5,0.51,0.41,0.07,2.24,0.18,2.08,4.98,0.02,0.16,4.32,4.61,0.4,0.18,30.85,9.62
27.5,4.4,0,0,15,15,15,0.3,0.32,0.39,0.08,2.32,0.16,2.01,4.96,0.02,0.18,4.22,4.59,0.44,0.2,31.6,11.29
21.9,3.5,0,0,17,17,17,0.4,0.4,0.09,0.02,0.79,0.05,0.58,1.52,0,0.07,1.9,2.05,0.26,0.05,15.71,13.43
30.8,4.94,0,0,16,16,16,0.5,0.45,0.13,0.02,1.11,0.08,0.81,2.15,0.01,0.09,2.68,2.89,0.37,0.06,22.13,18.92
21.2,3.39,0,0,16,16,16,0.4,0.45,0.24,0.04,1.46,0.11,1.26,3.11,0.01,0.11,3.06,3.28,0.34,0.11,23.19,12.55
29.9,4.79,0,0,16,16,16,0.5,0.47,0.25,0.04,1.72,0.12,1.43,3.57,0.01,0.14,3.67,3.96,0.42,0.12,29.21,17.73
20.4,3.27,0,0,15,15,15,0.5,0.49,0.39,0.07,2.16,0.17,1.97,4.76,0.01,0.15,4.26,4.56,0.41,0.17,30.97,11.64
29.2,4.67,0,0,15,15,15,0.5,0.49,0.35,0.06,2.2,0.17,1.92,4.7,0.02,0.17,4.45,4.82,0.46,0.16,34.84,16.78
23.9,3.82,0,0,17,17,17,0.3,0.3,0.07,0.01,0.35,0.03,0.35,0.82,0,0.02,0.62,0.66,0.04,0.03,4.12,0
34.6,5.54,0,0,17,17,17,0.2,0.2,0.17,0.03,0.87,0.07,0.86,2,0.01,0.06,1.49,1.62,0.09,0.07,10.9,0
22.9,3.66,0,0,16,16,16,0.4,0.36,0.24,0.04,1.17,0.1,1.17,2.73,0.01,0.08,2.07,2.2,0.15,0.1,13.76,0
33.4,5.34,0,0,16,16,16,0.2,0.24,0.29,0.06,1.51,0.12,1.5,3.48,0.02,0.1,2.58,2.81,0.16,0.13,18.94,0
21.7,3.47,0,0,15,15,15,0.4,0.43,0.45,0.08,2.15,0.18,2.14,5,0.01,0.14,3.81,4.04,0.27,0.19,25.25,0
32,5.12,0,0,15,15,15,0.3,0.28,0.44,0.08,2.26,0.18,2.24,5.2,0.02,0.16,3.86,4.2,0.24,0.19,28.3,0
21.9,3.5,0,0,17,17,17,0.4,0.4,0.08,0.01,0.7,0.05,0.51,1.36,0,0.06,1.7,1.83,0.24,0.04,14.04,12
28.1,4.5,0,0,17,17,17,0.2,0.2,0.18,0.03,1.44,0.08,0.99,2.73,0.01,0.14,2.84,3.1,0.46,0.13,21.86,17.21
32.2,5.15,0,0,14,14,14,0.5,0.47,0.12,0.02,1.04,0.07,0.76,2,0.01,0.09,2.5,2.7,0.35,0.06,20.65,17.65
21.6,3.45,0,0,16,16,16,0.4,0.42,0.14,0.02,1,0.07,0.81,2.05,0.01,0.08,2.2,2.37,0.27,0.07,17.3,11.67
28,4.47,0,0,17,17,17,0.2,0.21,0.21,0.04,1.56,0.09,1.11,3,0.01,0.14,3.03,3.31,0.46,0.14,23.26,17
32,5.12,0,0,13,13,13,0.5,0.48,0.14,0.03,1.16,0.08,0.88,2.29,0.01,0.1,2.7,2.91,0.36,0.07,22.06,17.43
24.1,3.86,0,0,57,57,57,0.2,0.2,0.02,0,0.34,0,0.18,0.54,0,0.05,0.57,0.64,0.18,0.01,1.46,5.82
32.5,5.2,0,0,8,8,8,0,0,0.04,0,0.67,0.01,0.34,1.07,0,0.07,1.03,1.13,0.28,0.02,5.1,7.64
22.7,3.63,0,0,53,53,53,0.2,0.21,0.07,0.01,1.52,0.02,0.8,2.43,0,0.17,2.77,3.01,0.65,0.04,1.34,26.25
30.6,4.9,0,0,8,8,8,0,0.03,0.11,0,1.98,0.04,1.07,3.22,0,0.2,3.36,3.62,0.73,0.04,4.69,32.37
22.8,3.65,0,0,4,4,4,0.2,0.21,0.03,0,0.64,0.01,0.33,1.02,0,0.08,1.16,1.27,0.37,0.02,0,11.28
31.3,5.01,0,0,22,22,22,0,0,0.03,0,0.64,0.01,0.33,1.02,0,0.08,1.16,1.27,0.37,0.02,0,11.28
23.1,3.7,0,0,32,32,32,0.3,0.31,0,0,0.25,0,0.12,0.38,0,0.03,0.45,0.5,0.09,0.01,0,4
28.5,4.56,0,0,44,44,44,0.1,0.11,0.01,0,0.49,0.01,0.24,0.76,0,0.07,0.91,0.99,0.18,0.02,0,8.01
9.6,1.53,0,0,4,4,4,0.3,0.29,0.73,0.05,12.2,0.29,6.1,19.51,0,1.5,20.72,22.61,5.23,0.44,48.41,193.65
11.5,1.84,0,0,8,8,8,0.1,0.13,0.82,0.05,12.87,0.31,6.23,20.43,0,1.64,22.02,24.06,5.57,0.51,51.08,204.32
19.5,3.12,0,0,45,45,45,0,0,0.05,0,0.89,0.01,0.46,1.42,0,0.1,1.39,1.52,0.44,0.02,7.1,3.55
26.3,4.21,0,0,43,43,43,0,0,0.08,0.01,1.5,0.03,0.77,2.41,0.01,0.17,2.32,2.53,0.63,0.04,11.47,17.2
25.4,4.07,0,0,41,41,41,0,0.01,0.12,0.01,2.19,0.05,1.1,3.5,0.01,0.26,3.52,3.84,0.93,0.07,13.87,28.54
17.5,2.81,0,0,37,37,37,0.1,0.06,0.18,0.01,3.13,0.07,1.57,5,0,0.38,5.21,5.68,1.38,0.11,15.26,41.09
23.3,3.72,0,0,36,36,36,0,0.03,0.23,0.02,3.83,0.09,1.89,6.1,0,0.47,6.36,6.95,1.64,0.14,19.59,55.58
19.6,3.13,0,0,45,45,45,0,0,0.04,0,0.71,0.01,0.36,1.13,0,0.08,1.11,1.21,0.35,0.02,5.64,2.82
24.8,3.96,0,0,43,43,43,0,0,0.08,0.01,1.53,0.03,0.79,2.45,0.01,0.17,2.36,2.58,0.64,0.04,11.65,17.47
24,3.83,0,0,41,41,41,0,0.01,0.13,0.01,2.2,0.05,1.11,3.52,0.01,0.26,3.53,3.86,0.94,0.07,14,28.63
17.6,2.81,0,0,37,37,37,0.1,0.06,0.17,0.01,2.98,0.07,1.5,4.76,0,0.36,4.98,5.43,1.31,0.1,14.08,40.49
22.6,3.62,0,0,37,37,37,0,0.02,0.2,0.01,3.34,0.07,1.66,5.32,0,0.4,5.5,6.01,1.43,0.12,17.96,47.37
21.6,3.45,0,0,32,32,32,0.2,0.21,0.13,0.01,1.94,0.04,0.92,3.05,0,0.24,3.54,3.85,0.99,0.07,0.83,40.78
31.2,4.99,0,0,3,3,3,0.1,0.08,0.15,0.01,2.38,0.05,1.14,3.75,0,0.3,4.33,4.73,1.26,0.09,1.84,50.51
8.6,1.38,0,0,4,4,4,0.5,0.51,0.82,0.06,14.93,0.38,7.59,23.86,0,1.52,28.48,30.5,7.21,0.51,0,316.4
12,1.92,0,0,8,8,8,0.4,0.43,0.66,0.05,12.08,0.31,6.14,19.29,0,1.23,23.03,24.67,5.83,0.41,0,255.88
23.5,3.76,0,0,45,45,45,0.2,0.15,0.02,0,0.37,0.01,0.19,0.59,0,0.05,0.62,0.69,0.23,0.01,1.64,6.55
28.8,4.6,0,0,43,43,43,0,0,0.02,0,0.55,0.01,0.28,0.89,0,0.07,0.93,1.04,0.34,0.01,2.46,9.83
23.3,3.73,0,0,44,44,44,0.2,0.15,0.02,0,0.51,0.01,0.26,0.82,0,0.06,0.89,0.98,0.3,0.01,1.62,9.58
28.6,4.58,0,0,42,42,42,0,0,0.03,0,0.65,0.01,0.34,1.05,0,0.08,1.12,1.25,0.39,0.02,2.44,12
7.9,1.26,0,0,4,4,4,0.4,0.36,0.91,0,16.75,0.38,9.17,27.29,0,1.6,29.48,31.67,5.74,0.35,0,309.95
8.8,1.4,0,0,8,8,8,0.4,0.35,0.93,0,17.11,0.38,9.36,27.88,0,1.63,30.12,32.36,5.86,0.36,0,316.67
23.2,3.71,0,0,36,36,36,0.2,0.17,0.02,0,0.39,0.01,0.2,0.62,0,0.05,0.67,0.74,0.18,0.01,0,5.73
30.6,4.9,0,0,20,20,20,0,0,0.05,0,0.98,0.02,0.5,1.56,0,0.13,1.67,1.85,0.44,0.02,0,14.33
22.4,3.59,0,0,34,34,34,0.2,0.18,0.06,0,1.21,0.02,0.65,1.96,0,0.13,2.11,2.28,0.46,0.02,0,20.94
29.5,4.72,0,0,19,19,19,0,0.02,0.09,0,1.79,0.03,0.95,2.87,0,0.2,3.09,3.37,0.71,0.04,0,29.45
21.5,3.44,0,0,33,33,33,0.2,0.19,0.12,0,2.18,0.05,1.18,3.54,0,0.22,3.81,4.12,0.78,0.04,0,38.96
28,4.49,0,0,19,19,19,0,0.04,0.15,0,2.87,0.06,1.54,4.64,0,0.3,5,5.42,1.08,0.06,0,49.76
21,3.36,0,0,49,49,49,0.2,0.2,0.14,0.01,2.89,0.04,1.52,4.6,0,0.3,5.31,5.74,1.19,0.07,1.2,49.84
30.9,4.95,0,0,72,72,72,0.3,0.26,0.2,0.02,4.25,0.06,2.24,6.77,0,0.44,7.81,8.44,1.75,0.11,1.77,73.29
5.2,0.83,0,0,11,11,11,0.4,0.36,1.03,0.07,17.71,0.51,9.62,29.02,0,1.76,30.71,33.06,9.4,0.66,0,367.38
8.8,1.41,0,0,8,8,8,0.4,0.35,0.89,0.06,15.39,0.45,8.36,25.22,0,1.53,26.69,28.73,8.17,0.58,0,319.26
23.3,3.73,0,0,36,36,36,0.2,0.17,0.02,0,0.47,0.01,0.24,0.75,0,0.06,0.84,0.92,0.24,0.02,0,8.01
31.9,5.1,0,0,15,15,15,0,0,0.09,0,1.83,0.04,0.96,2.94,0,0.22,3.27,3.58,0.96,0.06,0,31.3
19.9,3.18,0,0,31,31,31,0.2,0.21,0.21,0.01,3.73,0.1,2.02,6.1,0,0.38,6.49,6.99,1.98,0.14,0,75.97
28.9,4.62,0,0,14,14,14,0,0.05,0.2,0.01,3.62,0.09,1.93,5.87,0,0.39,6.36,6.89,1.91,0.13,0,69.23
6.3,1.01,0,0,11,11,11,0.4,0.36,0.72,0.06,15.14,0.2,7.96,24.09,0,1.5,28.07,30.22,6.07,0.39,0,261.12
14.9,2.38,0,0,11,11,11,0.4,0.35,0.58,0.05,12.27,0.16,6.45,19.52,0,1.22,22.74,24.49,4.92,0.32,0,211.57
24.1,3.86,0,0,57,57,57,0.2,0.17,0.02,0,0.34,0,0.18,0.54,0,0.05,0.57,0.64,0.18,0.01,1.46,5.82
29.5,4.72,0,0,8,8,8,0,0,0.04,0,0.74,0.01,0.39,1.19,0,0.11,1.25,1.4,0.38,0.02,3.18,12.74
22.9,3.66,0,0,54,54,54,0.2,0.18,0.06,0,1.33,0.02,0.7,2.12,0,0.15,2.42,2.63,0.57,0.03,1.36,22.98
33.2,5.31,0,0,67,67,67,0.2,0.22,0.09,0.01,1.93,0.02,1.02,3.08,0,0.21,3.51,3.81,0.83,0.05,1.97,33.3
19.5,3.12,0,0,9,9,9,0,0,0.15,0.01,2.43,0.05,1.31,4,0.03,0.28,4.23,4.62,1.08,0.08,0,40.28
25.4,4.07,0,0,10,10,10,0,0,0.16,0.01,2.53,0.05,1.36,4.17,0.03,0.29,4.41,4.82,1.12,0.08,0,41.99
11.3,1.81,0,0,3,3,3,0.5,0.51,0.68,0.04,10.2,0.21,4.84,16.02,0,1.28,18.66,20.27,5.02,0.38,0,212.52
16.3,2.61,0,0,7,7,7,0.4,0.43,0.69,0.04,10.41,0.22,4.94,16.35,0,1.3,19.04,20.68,5.12,0.39,0,216.81
23.7,3.79,0,0,38,38,38,0.2,0.15,0.01,0,0.22,0,0.11,0.35,0,0.03,0.38,0.43,0.16,0.01,1,5
34.7,5.55,0,0,2,2,2,0,0,0.02,0,0.5,0.01,0.25,0.79,0,0.07,0.87,0.97,0.35,0.02,2.28,11.38
23.5,3.75,0,0,37,37,37,0.2,0.16,0.02,0,0.42,0.01,0.2,0.66,0,0.05,0.75,0.82,0.25,0.02,0.98,9.16
34.5,5.51,0,0,2,2,2,0,0.01,0.03,0,0.62,0.01,0.31,0.99,0,0.08,1.11,1.23,0.42,0.02,2.24,14.05
22.1,3.54,0,0,41,41,41,0.2,0.15,0.01,0,0.21,0,0.12,0.35,0,0.02,0.34,0.39,0.18,0.01,2,4
29.4,4.7,0,0,25,25,25,0,0,0.01,0,0.33,0.01,0.18,0.54,0,0.04,0.53,0.6,0.27,0.01,3.09,6.19
25.3,4.05,0,0,35,35,35,0.2,0.15,0.02,0,0.44,0.01,0.22,0.7,0,0.05,0.73,0.81,0.27,0.01,1.91,7.64
28.6,4.58,0,0,27,27,27,0,0,0.04,0,0.79,0.01,0.4,1.26,0,0.1,1.32,1.46,0.48,0.02,3.46,13.83
24.8,3.97,0,0,34,34,34,0.2,0.16,0.04,0,0.85,0.02,0.44,1.37,0,0.1,1.53,1.66,0.47,0.03,1.86,16.54
36.5,5.84,0,0,43,43,43,0.2,0.19,0.06,0,1.26,0.03,0.64,2.01,0,0.14,2.25,2.44,0.69,0.04,2.73,24.32
10.7,1.71,0,0,4,4,4,0.3,0.29,0.8,0,13.36,0.3,7.66,22.16,0,1.3,21.56,23.26,3.65,0.2,0,200.13
12.2,1.95,0,0,3,3,3,0,0,0.77,0,12.85,0.29,7.36,21.32,0,1.25,20.74,22.38,3.51,0.19,0,192.51
20.6,3.3,0,0,12,12,12,0.3,0.27,0.1,0,1.63,0.03,0.91,2.68,0,0.19,2.9,3.15,0.8,0.06,0,27.66
30.6,4.9,0,0,11,11,11,0,0,0.15,0,2.58,0.04,1.44,4.23,0,0.3,4.59,4.98,1.27,0.09,0,43.68
18.9,3.02,0,0,11,11,11,0.3,0.27,0.22,0,3.68,0.08,2.09,6.09,0,0.38,6.17,6.67,1.3,0.08,0,57.85
29.6,4.74,0,0,11,11,11,0,0,0.19,0,3.13,0.06,1.76,5.15,0,0.35,5.46,5.92,1.39,0.09,0,51.72
22.5,3.6,0,0,52,52,52,0.2,0.15,0.02,0,0.43,0.01,0.22,0.68,0,0.07,0.73,0.82,0.19,0.01,0,7.28
27.9,4.46,0,0,76,76,76,0,0,0.03,0,0.64,0.01,0.33,1.03,0,0.1,1.09,1.22,0.29,0.01,0,10.92
22.4,3.58,0,0,52,52,52,0.2,0.15,0.03,0,0.55,0.01,0.28,0.89,0,0.08,0.97,1.08,0.25,0.01,0,9.97
18.1,2.9,0,0,25,25,25,0.2,0.23,0.31,0,5.79,0.13,3.16,9.42,0,0.56,10.18,10.94,2.01,0.12,0,106.13
27.4,4.38,0,0,37,37,37,0.3,0.28,0.42,0,7.8,0.17,4.25,12.68,0,0.76,13.69,14.73,2.71,0.16,0,142.65
22.4,3.58,0,0,20,20,20,0.2,0.17,0.02,0,0.46,0.01,0.24,0.75,0,0.06,0.82,0.9,0.3,0.02,2.09,8.37
31.2,4.99,0,0,30,30,30,0,0,0.02,0,0.5,0.01,0.26,0.82,0,0.06,0.89,0.98,0.33,0.02,2.28,9.1
24,3.84,0,0,51,51,51,0.2,0.15,0.02,0,0.41,0.01,0.2,0.65,0,0.06,0.7,0.79,0.25,0.01,1.82,7.28
29.2,4.67,0,0,43,43,43,0,0,0.02,0,0.47,0.01,0.23,0.74,0,0.07,0.81,0.9,0.29,0.01,2.09,8.37
29.2,4.67,0,0,43,43,43,0,0,0.02,0,0.48,0.01,0.24,0.76,0,0.07,0.83,0.93,0.3,0.01,2.09,8.62
